room_id,survey_id,host_id,room_type,country,city,borough,neighborhood,reviews,overall_satisfaction,accommodates,bedrooms,bathrooms,price,minstay,name,property_type,last_modified,latitude,longitude,location
10265298,1416,1473485,Entire home/apt,United States,Lenox,,LENOX,0,0,6,4,,290,,"Quiet, Summer Berkshire Vacation!",House,21:24.8,42.358276,-73.296716,0101000020E6100000CC0C1B65FD5252C08978EBFCDB2D4540
18988000,1416,45440965,Entire home/apt,United States,Lenox,,LENOX,0,0,10,6,,1000,,Lenox Family Friendly Spacious Home w/Pool,House,20:21.2,42.358178,-73.256805,0101000020E6100000C11C3D7E6F5052C0C712D6C6D82D4540
11981821,1416,64035395,Entire home/apt,United States,Lenox,,LENOX,0,0,10,6,,571,,"Sunny, Historic Victorian Farmhouse",House,20:18.8,42.355597,-73.303214,0101000020E61000001E6CB1DB675352C022C7D633842D4540
11966474,1416,48271899,Entire home/apt,United States,Lenox,,LENOX,0,0,7,5,,572,,Charming Colonial-Parklike setting,House,20:18.7,42.341283,-73.284984,0101000020E610000087F8872D3D5252C023D74D29AF2B4540
5081751,1416,26246568,Entire home/apt,United States,Lenox,,LENOX,18,5,11,5,,650,,Blissful Berkshires Retreat,House,20:18.6,42.374141,-73.301468,0101000020E6100000983270404B5352C0DF8B2FDAE32F4540
12022583,1416,7915847,Entire home/apt,United States,Lenox,,LENOX,11,5,8,4,,349,,Lenox Charm on 6+ Acres,House,20:16.9,42.400687,-73.253542,0101000020E6100000658A39083A5052C057772CB649334540
6617465,1416,7915847,Entire home/apt,United States,Lenox,,LENOX,40,5,6,3,,345,,"Cottage In the Woods, In Town",House,20:16.8,42.35493,-73.255458,0101000020E61000001AE0826C595052C0452FA3586E2D4540
4110225,1416,21324414,Entire home/apt,United States,Lenox,,LENOX,14,4.5,6,3,,500,,Townhouse on Cranwell Golf Course,House,20:16.5,42.335175,-73.253785,0101000020E6100000C8CD70033E5052C0E9B7AF03E72A4540
8577396,1416,12400832,Entire home/apt,United States,Lenox,,LENOX,4,5,6,3,,325,,The Berkshire Quintessential Cape downtown Lenox,House,20:16.2,42.350569,-73.280034,0101000020E610000028F1B913EC5152C0E7FEEA71DF2C4540
12791406,1416,69646685,Entire home/apt,United States,Lenox,,LENOX,0,0,8,4,,429,,Lenox Farm House,House,20:16.0,42.340032,-73.25519,0101000020E61000000A117008555052C0F7CB272B862B4540
9426294,1416,14201876,Entire home/apt,United States,Lenox,,LENOX,16,5,11,4,,450,,RANCH at FOX HOLLOW on Laurel Lake,House,20:15.8,42.323772,-73.279451,0101000020E610000068757286E25152C025AE635C71294540
19100834,1416,133436925,Entire home/apt,United States,Lenox,,LENOX,0,0,6,3,,350,,"Lenox House, walk to town, 1 mile to Tanglewood",House,20:15.6,42.360297,-73.280454,0101000020E6100000138255F5F25152C068EC4B361E2E4540
6899155,1416,36152062,Entire home/apt,United States,Lenox,,LENOX,5,5,6,3,,420,,Modern Home Close to Town & Tanglewood,House,20:15.5,42.362733,-73.290368,0101000020E610000084F3A963955252C00917F2086E2E4540
14552935,1416,90086186,Entire home/apt,United States,Lenox,,LENOX,2,0,8,4,,250,,Traditional Country Home on Wooded Acre,House,20:13.0,42.361723,-73.27451,0101000020E6100000331B6492915152C0029B73F04C2E4540
16960189,1416,64759885,Entire home/apt,United States,Lenox,,LENOX,1,0,6,2,,212,,Two Bedroom Condo at Ponds at Foxhollow Resort,Condominium,20:12.9,42.324368,-73.282039,0101000020E6100000944C4EED0C5252C039EFFFE384294540
13727430,1416,48271899,Entire home/apt,United States,Lenox,,LENOX,9,5,2,1,,275,,Lovely apt on beautiful grounds w/ pool in Lenox,Apartment,20:11.0,42.339583,-73.285395,0101000020E610000048DC63E9435252C087A3AB74772B4540
14854557,1416,93001195,Entire home/apt,United States,Lenox,,LENOX,3,5,10,3,,235,,Perfect Vacation Getaway in the Berkshires,House,20:10.8,42.352701,-73.253298,0101000020E61000001A89D008365052C01D226E4E252D4540
8160615,1416,1356536,Entire home/apt,United States,Lenox,,LENOX,0,0,8,4,,300,,Country home Kripalu & Skiers,House,20:10.7,42.355315,-73.302963,0101000020E61000007A39ECBE635352C09D6340F67A2D4540
12210412,1416,11415197,Entire home/apt,United States,Lenox,,LENOX,13,5,9,3,,295,,Artists' Family Home,House,20:10.5,42.354756,-73.270949,0101000020E61000009278793A575152C0A70705A5682D4540
18698007,1416,129981354,Entire home/apt,United States,Lenox,,LENOX,0,0,6,3,,232,,Berkshire Home Away From Home,Vacation home,20:10.4,42.3366,-73.246602,0101000020E61000003448C153C84F52C0B3EA73B5152B4540
16087904,1416,6663722,Entire home/apt,United States,Lenox,,LENOX,4,5,5,2,,225,,"Cozy, Dutch, Contemporary Home",House,20:10.3,42.353788,-73.285946,0101000020E6100000029B73F04C5252C0CFDBD8EC482D4540
2788915,1416,14264979,Entire home/apt,United States,Lenox,,LENOX,1,0,6,4,,250,,"BERKSHIRES, LENOX TANGLEWOOD",House,20:10.1,42.396305,-73.262403,0101000020E6100000D4D7F335CB5052C0E21E4B1FBA324540
15072249,1416,9726169,Entire home/apt,United States,Lenox,,LENOX,6,5,4,2,,260,,Extraordinary Lenox Getaway,Guesthouse,20:09.8,42.326212,-73.285935,0101000020E6100000087250C24C5252C008C89750C1294540
13136489,1416,73173226,Entire home/apt,United States,Lenox,,LENOX,11,5,4,2,,266,,Great views minutes to Tanglewood,House,20:09.7,42.335942,-73.268284,0101000020E61000009082A7902B5152C02AADBF25002B4540
8207338,1416,43278881,Entire home/apt,United States,Lenox,,LENOX,3,4.5,4,2,,300,,Stunning Lenox Bungalow,House,20:09.6,42.362217,-73.280335,0101000020E6100000253B3602F15152C012876C205D2E4540
3069428,1416,15621645,Entire home/apt,United States,Lenox,,LENOX,3,4.5,7,3,,300,,Large Cape on beautiful landscaped property,House,20:09.5,42.342273,-73.253755,0101000020E6100000938C9C853D5052C0E3A6069ACF2B4540
17059583,1416,114493945,Entire home/apt,United States,Lenox,,LENOX,0,0,6,0,,240,,"Quiet, Newly Renovated Barn",House,20:09.4,42.330622,-73.251268,0101000020E610000001A260C6145052C047AB5AD2512A4540
3815330,1416,11488805,Entire home/apt,United States,Lenox,,LENOX,46,5,5,2,,250,,Lenox Walk to Town / Tanglewood,House,20:09.2,42.355232,-73.278348,0101000020E61000000C3A2174D05152C0103FFF3D782D4540
15263701,1416,97093869,Entire home/apt,United States,Lenox,,LENOX,4,5,4,2,,254,,Heart of Lenox - renovated downtown apartment,Apartment,20:09.1,42.358316,-73.283143,0101000020E6100000D845D1031F5252C018D1764CDD2D4540
16586804,1416,65210498,Entire home/apt,United States,Lenox,,LENOX,0,0,2,1,,183,,Berkshires Getaway,Apartment,20:04.7,42.353563,-73.288014,0101000020E610000092B245D26E5252C0AF09698D412D4540
13862901,1416,54544962,Entire home/apt,United States,Lenox,,LENOX,1,0,6,2,,190,,Cozy 2 bdrm/2 BR apt with views,Apartment,20:04.6,42.324383,-73.282802,0101000020E6100000944F8F6D195252C06E30D46185294540
8704507,1416,45693201,Entire home/apt,United States,Lenox,,LENOX,8,5,8,3,,194,,Secluded charming farm house,House,20:04.4,42.394525,-73.2843,0101000020E61000002E90A0F8315252C02A3A92CB7F324540
17449193,1416,9647510,Entire home/apt,United States,Lenox,,LENOX,1,0,6,3,,189,,Family Friendly Lenox Home - Berkshires,House,20:04.2,42.395123,-73.263906,0101000020E6100000F7CDFDD5E35052C0DE72F56393324540
16953422,1416,64759885,Entire home/apt,United States,Lenox,,LENOX,1,0,4,1,,173,,One Bedroom Condo at Ponds at Foxhollow Resort,Condominium,20:02.0,42.32345,-73.283057,0101000020E6100000D9791B9B1D5252C013F241CF66294540
7971988,1416,42066291,Entire home/apt,United States,Lenox,,LENOX,0,0,1,2,,149,,The Ponds At Foxhollow -Water Views,Condominium,20:01.5,42.323415,-73.282333,0101000020E610000038656EBE115252C09604A8A965294540
4258001,1416,3279814,Entire home/apt,United States,Lenox,,LENOX,4,5,4,1,,170,,Berkshire beautiful one floor house,House,20:01.4,42.398665,-73.270581,0101000020E6100000D17AF832515152C0A987687407334540
11788157,1416,554904,Entire home/apt,United States,Lenox,,LENOX,1,0,2,1,,150,,"Central Lenox Apartment, Tanglewood",Apartment,20:01.3,42.357097,-73.282081,0101000020E6100000AC74779D0D5252C0F73FC05AB52D4540
1510761,1416,8068750,Entire home/apt,United States,Lenox,,LENOX,35,5,4,2,,160,,Charming Mountainview Cottage Lenox,House,20:01.2,42.37705,-73.258093,0101000020E6100000E6948098845052C0787AA52C43304540
8355306,1416,44039634,Entire home/apt,United States,Lenox,,LENOX,1,0,5,2,,150,,"A Cute House in Lenox, MA",House,20:01.1,42.356239,-73.259072,0101000020E6100000CCD3B9A2945052C0A647533D992D4540
13570364,1416,51446355,Entire home/apt,United States,Lenox,,LENOX,17,5,2,1,,145,,Cozy Apartment in Downtown Lenox,Apartment,20:00.8,42.358578,-73.284166,0101000020E6100000A62897C62F5252C0558847E2E52D4540
12359636,1416,37434314,Entire home/apt,United States,Lenox,,LENOX,6,4.5,2,1,,175,,"Downtown, 1.9 miles from Tanglewood",Apartment,20:00.5,42.356887,-73.284215,0101000020E610000017821C94305252C00CAF2479AE2D4540
18326465,1416,98963170,Entire home/apt,United States,Lenox,,LENOX,2,0,2,0,,175,,The East Street Cabin,Cabin,20:00.4,42.385387,-73.255858,0101000020E6100000E19A3BFA5F5052C0DBA6785C54314540
16544865,1416,95438896,Entire home/apt,United States,Lenox,,LENOX,14,5,4,2,,150,,The Lemon Cottage in the Heart of Lenox,House,20:00.3,42.360022,-73.280751,0101000020E61000006FD40AD3F75152C096EB6D33152E4540
3025038,1416,8911427,Entire home/apt,United States,Lenox,,LENOX,146,5,2,1,,145,,Quiet Private Lenox Apartment,Apartment,20:00.2,42.364537,-73.26141,0101000020E61000003B3602F1BA5052C04A97FE25A92E4540
16258406,1416,97538411,Entire home/apt,United States,Lenox,,LENOX,1,0,5,2,,125,,Station House 2R,Apartment,19:56.9,42.396267,-73.247674,0101000020E610000073840CE4D94F52C0F5BD86E0B8324540
7821225,1416,35560967,Entire home/apt,United States,Lenox,,LENOX,17,4.5,4,2,,125,,Cozy Lakeside Cottage,House,19:56.5,42.330838,-73.271798,0101000020E610000091477023655152C014234BE6582A4540
16102807,1416,97425085,Entire home/apt,United States,Lenox,,LENOX,11,5,6,2,,120,,Charming 2BD apartment.,Apartment,19:55.1,42.333367,-73.245594,0101000020E61000000186E5CFB74F52C0674815C5AB2A4540
12428966,1416,32746117,Private room,United States,Lenox,,LENOX,1,0,2,1,,329,,Rosalyn Elkan King Suite,Bed & Breakfast,18:54.0,42.355594,-73.280497,0101000020E61000001268B0A9F35152C0B153AC1A842D4540
12429076,1416,32746117,Private room,United States,Lenox,,LENOX,0,0,2,1,,329,,Marion Slocomb King Suite,Bed & Breakfast,18:53.9,42.35474,-73.281645,0101000020E61000003E05C078065252C0A14ACD1E682D4540
9270353,1416,2171397,Private room,United States,Lenox,,LENOX,1,0,2,1,,379,,Romance Blossoms in the Berkshires,Bed & Breakfast,18:53.8,42.36179,-73.282551,0101000020E6100000EF1CCA50155252C08A027D224F2E4540
12428796,1416,32746117,Private room,United States,Lenox,,LENOX,2,0,2,1,,329,,Pearl Davis King Suite,Bed & Breakfast,18:53.7,42.354446,-73.280393,0101000020E6100000C0417BF5F15152C059198D7C5E2D4540
12428586,1416,32746117,Private room,United States,Lenox,,LENOX,0,0,2,1,,249,,Peerless Room,Bed & Breakfast,18:52.3,42.354712,-73.28195,0101000020E6100000DC4603780B5252C0D7BFEB33672D4540
12425388,1416,32746117,Private room,United States,Lenox,,LENOX,0,0,2,1,,279,,Struthers Room,Bed & Breakfast,18:52.2,42.354283,-73.280361,0101000020E6100000BA84436FF15152C0AF433525592D4540
12424280,1416,32746117,Private room,United States,Lenox,,LENOX,0,0,2,1,,249,,Spencer Room,Bed & Breakfast,18:52.0,42.356,-73.281605,0101000020E6100000F758FAD0055252C021B07268912D4540
12427582,1416,32746117,Private room,United States,Lenox,,LENOX,0,0,2,1,,249,,Maud S. Room,Bed & Breakfast,18:51.9,42.35449,-73.279843,0101000020E6100000EE409DF2E85152C02861A6ED5F2D4540
12428374,1416,32746117,Private room,United States,Lenox,,LENOX,0,0,2,1,,249,,Sunol Room,Bed & Breakfast,18:51.8,42.355726,-73.281743,0101000020E610000020B8CA13085252C01F2BF86D882D4540
12427737,1416,32746117,Private room,United States,Lenox,,LENOX,0,0,2,1,,249,,Pocahontas Room,Bed & Breakfast,18:51.7,42.356013,-73.280678,0101000020E61000003AADDBA0F65152C0B5F97FD5912D4540
12424780,1416,32746117,Private room,United States,Lenox,,LENOX,0,0,2,1,,279,,Bonner Room,Bed & Breakfast,18:51.6,42.354524,-73.279808,0101000020E6100000304AD05FE85152C0D4D2DC0A612D4540
12427212,1416,32746117,Private room,United States,Lenox,,LENOX,0,0,2,1,,279,,Dexter Room,Bed & Breakfast,18:51.5,42.355411,-73.280557,0101000020E61000007DEA58A5F45152C0BFD18E1B7E2D4540
12428098,1416,32746117,Private room,United States,Lenox,,LENOX,0,0,2,1,,249,,Rarus Room,Bed & Breakfast,18:51.4,42.355699,-73.280554,0101000020E6100000C4B0C398F45152C0261C7A8B872D4540
12427032,1416,32746117,Private room,United States,Lenox,,LENOX,1,0,2,1,,249,,Walker Mini-Suite,Bed & Breakfast,18:51.2,42.354685,-73.281193,0101000020E61000004EB7EC10FF5152C0DEB06D51662D4540
12425712,1416,32746117,Private room,United States,Lenox,,LENOX,0,0,2,1,,249,,Bel Air Room,Bed & Breakfast,18:51.1,42.354336,-73.281957,0101000020E610000036785F950B5252C0D2E5CDE15A2D4540
9753059,1416,48271899,Private room,United States,Lenox,,LENOX,0,0,2,1,,150,,Charming Private Room in Lenox #4,Bed & Breakfast,18:47.4,42.340072,-73.285726,0101000020E61000007B67B455495252C08524B37A872B4540
9298280,1416,48271899,Private room,United States,Lenox,,LENOX,0,0,2,1,,150,,Charming Private Room in Lenox #1,Bed & Breakfast,18:47.3,42.339527,-73.283413,0101000020E6100000B8904770235252C0F38DE89E752B4540
12172268,1416,64035395,Private room,United States,Lenox,,LENOX,16,5,2,1,,130,,"Broadknolls farmhouse, yellow room",House,18:43.2,42.355803,-73.301668,0101000020E6100000FC8F4C874E5352C0CB68E4F38A2D4540
3958101,1416,7718611,Private room,United States,Lenox,,LENOX,2,0,2,1,,115,,"Lenox""Home away from Home"" Lodging2",Bed & Breakfast,18:41.4,42.34801,-73.251539,0101000020E6100000C9AA0837195052C02A5778978B2C4540
1436736,1416,7718611,Private room,United States,Lenox,,LENOX,13,4.5,2,1,,105,,"Lenox""Home away from Home""Lodging3",Bed & Breakfast,18:41.3,42.348664,-73.252995,0101000020E61000004CC3F011315052C072A59E05A12C4540
1465471,1416,7718611,Private room,United States,Lenox,,LENOX,23,4.5,2,1,,105,,"Lenox""Home away from Home""Lodging4",Bed & Breakfast,18:41.2,42.348727,-73.252734,0101000020E610000096253ACB2C5052C0B81D1A16A32C4540
13923590,1416,82676748,Private room,United States,Lenox,,LENOX,0,0,1,1,,120,,Lenox - Room For Rent - Property Borders (Lenox),House,18:41.0,42.386912,-73.275011,0101000020E610000094C2BCC7995152C00937195586314540
1466854,1416,7718611,Private room,United States,Lenox,,LENOX,14,4.5,2,1,,115,,"Lenox""Home away from Home""Lodging 1",Bed & Breakfast,18:40.9,42.348462,-73.251037,0101000020E610000080457EFD105052C00AF31E679A2C4540
12153752,1416,64035395,Private room,United States,Lenox,,LENOX,17,5,2,1,,120,,"Broadknolls farmhouse, rose bedroom",House,18:40.8,42.355882,-73.302794,0101000020E610000034DB15FA605352C0179E978A8D2D4540
4354603,1416,13057519,Private room,United States,Lenox,,LENOX,78,5,2,1,,100,,Master suite. The perfect getaway.,House,18:39.2,42.356827,-73.292344,0101000020E6100000A3CB9BC3B55252C037AAD381AC2D4540
3920982,1416,13057519,Private room,United States,Lenox,,LENOX,32,5,2,1,,75,,Cozy double with shared bath.,House,18:37.9,42.356349,-73.293308,0101000020E6100000EEE9EA8EC55252C02D7B12D89C2D4540
3522013,1416,8092886,Private room,United States,Lenox,,LENOX,38,5,2,1,,75,,Private room in Lovely Lenox Ranch with Double Bed,House,18:37.8,42.34613,-73.265028,0101000020E61000008E210038F65052C00E15E3FC4D2C4540
3921000,1416,13057519,Private room,United States,Lenox,,LENOX,149,5,2,1,,75,,Cozy small BR/private Bath for1or2,House,18:37.6,42.356731,-73.294068,0101000020E610000035B39602D25252C0153C855CA92D4540
6727551,1416,3255201,Private room,United States,Lenox,,LENOX,3,5,2,1,,50,,Heart of the Shire 2!,Bed & Breakfast,18:35.9,42.3371,-73.250749,0101000020E61000004DA088450C5052C0A5BDC117262B4540
14246702,1416,86699187,Private room,United States,Lenox,,LENOX,42,5,2,1,,50,,The Little Yellow Farmhouse,House,18:35.7,42.339375,-73.278318,0101000020E6100000D7F84CF6CF5152C03D0AD7A3702B4540
15312040,1416,97538411,Private room,United States,Lenox,,LENOX,23,5,2,1,,50,,Station House 1E,House,18:35.6,42.394617,-73.246078,0101000020E6100000F790F0BDBF4F52C00AB952CF82324540
13358653,1416,3255201,Private room,United States,Lenox,,LENOX,15,5,2,1,,55,,Heart of the Shire 1 !,House,18:35.5,42.3345,-73.249347,0101000020E6100000C4961E4DF54F52C0894160E5D02A4540
1560144,1416,4958681,Private room,United States,Lenox,,LENOX,91,5,2,1,,60,,Lovely private room in Lenox (gold),House,18:35.4,42.361287,-73.279948,0101000020E6100000292504ABEA5152C027BC04A73E2E4540
4060631,1416,97235711,Private room,United States,Lenox,,LENOX,37,4.5,2,1,,50,,Lenox Convenience w/ Private Bath,House,18:35.2,42.357155,-73.268943,0101000020E61000003D5FB35C365152C02B4D4A41B72D4540