room_id,survey_id,host_id,room_type,country,city,borough,neighborhood,reviews,overall_satisfaction,accommodates,bedrooms,bathrooms,price,minstay,last_modified,latitude,longitude,location
18310448,1509,103847424,Shared room,Sweden,Linkoping,,Link̦ping,0,0,6,1,,172,,18:47.7,58.428557,15.570709,0101000020E6100000D41055F833242F4066BCADF4DA364D40
16898518,1509,108170063,Shared room,Sweden,Linkoping,,Link̦ping,1,0,4,1,,95,,18:41.8,58.429745,15.572942,0101000020E6100000790261A758252F404C4F58E201374D40
16924083,1509,36378008,Shared room,Sweden,Linkoping,,Link̦ping,5,4,2,1,,48,,18:39.2,58.410036,15.622293,0101000020E6100000390F27309D3E2F406117450F7C344D40
13902892,1509,77048968,Shared room,Sweden,Linkoping,,Link̦ping,1,0,1,1,,25,,18:38.2,58.397341,15.65257,0101000020E610000092B3B0A71D4E2F40122EE411DC324D40
11348637,1509,59429059,Entire home/apt,Sweden,Linkoping,,Link̦ping,0,0,8,4,,497,,14:46.9,58.397057,15.678161,0101000020E610000066D828EB375B2F40EDD286C3D2324D40
15246327,1509,96948905,Entire home/apt,Sweden,Linkoping,,Link̦ping,2,0,6,4,,262,,14:45.8,58.376332,15.705345,0101000020E610000053CBD6FA22692F401938A0A52B304D40
19488578,1509,136793813,Entire home/apt,Sweden,Linkoping,,Link̦ping,0,0,4,3,,125,,14:42.4,58.413187,15.622513,0101000020E610000071AB2006BA3E2F40F110C64FE3344D40
11026632,1509,57161161,Entire home/apt,Sweden,Linkoping,,Link̦ping,0,0,2,1,,112,,14:40.8,58.434362,15.518071,0101000020E61000001503249A40092F4005508C2C99374D40
18659275,1509,42778164,Entire home/apt,Sweden,Linkoping,,Link̦ping,0,0,7,3,,106,,14:40.8,58.413722,15.617556,0101000020E6100000ACE5CE4C303C2F405FD1ADD7F4344D40
467624,1509,2321223,Entire home/apt,Sweden,Linkoping,,Link̦ping,126,5,6,1,,112,,14:40.8,58.446717,15.481135,0101000020E610000003ECA35357F62E409BC8CC052E394D40
3393165,1509,3233239,Entire home/apt,Sweden,Linkoping,,Link̦ping,12,4.5,6,2,,106,,14:40.8,58.412091,15.568817,0101000020E610000052D158FB3B232F40EBFCDB65BF344D40
15983182,1509,103847424,Entire home/apt,Sweden,Linkoping,,Link̦ping,2,0,4,2,,102,,14:39.6,58.426814,15.581663,0101000020E6100000259694BBCF292F40CBBC55D7A1364D40
18628082,1509,36378008,Entire home/apt,Sweden,Linkoping,,Link̦ping,5,4.5,3,1,,88,,14:39.6,58.406691,15.6245,0101000020E610000039B4C876BE3F2F40ED4960730E344D40
16478539,1509,108170063,Entire home/apt,Sweden,Linkoping,,Link̦ping,1,0,4,2,,98,,14:39.6,58.430814,15.572256,0101000020E61000002AE109BDFE242F405854C4E924374D40
11643625,1509,61741743,Entire home/apt,Sweden,Linkoping,,Link̦ping,5,4.5,2,1,,71,,14:38.7,58.415458,15.624816,0101000020E6100000FA08FCE1E73F2F40486E4DBA2D354D40
17458594,1509,118049089,Entire home/apt,Sweden,Linkoping,,Link̦ping,6,5,4,1,,65,,14:38.7,58.408316,15.624717,0101000020E6100000AE8218E8DA3F2F407E37DDB243344D40
14276194,1509,8225534,Entire home/apt,Sweden,Linkoping,,Link̦ping,2,0,4,2,,79,,14:38.7,58.40869,15.560268,0101000020E61000009CFD8172DB1E2F40E31934F44F344D40
19887449,1509,89175231,Entire home/apt,Sweden,Linkoping,,Link̦ping,0,0,2,1,,66,,14:38.7,58.404333,15.607399,0101000020E6100000073F7100FD362F40C7D8092FC1334D40
16989904,1509,113500459,Entire home/apt,Sweden,Linkoping,,Link̦ping,15,5,2,1,,74,,14:38.7,58.405803,15.632492,0101000020E610000098F6CDFDD5432F4031CF4A5AF1334D40
15107487,1509,63239159,Entire home/apt,Sweden,Linkoping,,Link̦ping,24,5,2,1,,68,,14:38.7,58.411708,15.60514,0101000020E6100000BD00FBE8D4352F4033C005D9B2344D40
19502875,1509,6147953,Entire home/apt,Sweden,Linkoping,,Link̦ping,0,0,3,2,,49,,14:37.4,58.39748,15.660845,0101000020E610000043739D465A522F403468E89FE0324D40
16541758,1509,35067019,Entire home/apt,Sweden,Linkoping,,Link̦ping,4,5,4,2,,42,,14:37.4,58.3836,15.640263,0101000020E61000007DAD4B8DD0472F40705F07CE19314D40
7855322,1509,30342658,Entire home/apt,Sweden,Linkoping,,Link̦ping,12,4.5,3,1,,61,,14:37.4,58.405386,15.636888,0101000020E6100000016E162F16462F40CD203EB0E3334D40
6538359,1509,34182099,Entire home/apt,Sweden,Linkoping,,Link̦ping,0,0,2,1,,62,,14:37.4,58.395073,15.507786,0101000020E6100000BABBCE86FC032F402C4487C091324D40
13404927,1509,65199659,Entire home/apt,Sweden,Linkoping,,Link̦ping,3,5,2,1,,46,,14:37.4,58.406513,15.647696,0101000020E6100000028063CF9E4B2F400D33349E08344D40
7022499,1509,8125538,Entire home/apt,Sweden,Linkoping,,Link̦ping,29,4.5,4,1,,62,,14:37.4,58.416652,15.553494,0101000020E61000008010C990631B2F4010E84CDA54354D40
3508920,1509,17415803,Entire home/apt,Sweden,Linkoping,,Link̦ping,12,5,3,1,,62,,14:37.4,58.407033,15.599198,0101000020E61000003FA88B14CA322F4046B247A819344D40
14772796,1509,67738361,Entire home/apt,Sweden,Linkoping,,Link̦ping,1,0,2,1,,52,,14:37.4,58.418564,15.65688,0101000020E6100000FFCA4A9352502F4038A4518193354D40
17290620,1509,116534661,Entire home/apt,Sweden,Linkoping,,Link̦ping,0,0,4,1,,56,,14:37.4,58.403562,15.612426,0101000020E6100000B07092E68F392F4045F46BEBA7334D40
18629968,1509,28232424,Entire home/apt,Sweden,Linkoping,,Link̦ping,0,0,1,0,,37,,14:35.6,58.407921,15.599036,0101000020E6100000D940BAD8B4322F40022D5DC136344D40
13633761,1509,34304087,Entire home/apt,Sweden,Linkoping,,Link̦ping,4,4.5,4,1,,41,,14:35.6,58.405305,15.573583,0101000020E61000004815C5ABAC252F40E0F3C308E1334D40
19091418,1509,133344057,Entire home/apt,Sweden,Linkoping,,Link̦ping,0,0,2,0,,31,,14:35.6,58.427988,15.580488,0101000020E6100000DF701FB935292F404C8A8F4FC8364D40
1788599,1509,1941422,Private room,Sweden,Linkoping,,Link̦ping,7,5,2,1,,37,,14:11.9,58.413535,15.594407,0101000020E6100000E606431D56302F402D6002B7EE344D40
7416306,1509,26786546,Private room,Sweden,Linkoping,,Link̦ping,15,5,3,1,,41,,14:11.9,58.43093,15.56911,0101000020E610000033A7CB6262232F40C16ED8B628374D40
16750938,1509,5676801,Private room,Sweden,Linkoping,,Link̦ping,0,0,2,1,,84,,14:04.0,58.411321,15.567126,0101000020E61000002F6CCD565E222F403A94A12AA6344D40
2669350,1509,5410822,Private room,Sweden,Linkoping,,Link̦ping,27,5,1,1,,74,,14:02.9,58.408866,15.633322,0101000020E6100000B4ACFBC742442F40223999B855344D40
16050812,1509,65622575,Private room,Sweden,Linkoping,,Link̦ping,2,0,1,1,,49,,14:01.6,58.408629,15.626444,0101000020E6100000048D9944BD402F403D997FF44D344D40
11006867,1509,3203281,Private room,Sweden,Linkoping,,Link̦ping,14,5,2,1,,49,,14:01.6,58.404752,15.568058,0101000020E61000005C76887FD8222F40CC7EDDE9CE334D40
18743298,1509,126406006,Private room,Sweden,Linkoping,,Link̦ping,0,0,1,1,,43,,14:01.6,58.372298,15.654447,0101000020E61000003DEE5BAD134F2F40E02EFB75A72F4D40
8128609,1509,34451709,Private room,Sweden,Linkoping,,Link̦ping,23,5,2,1,,48,,14:01.6,58.416379,15.512896,0101000020E6100000997FF44D9A062F40DFDE35E84B354D40
7034393,1509,3233239,Private room,Sweden,Linkoping,,Link̦ping,23,5,2,1,,53,,14:01.6,58.411834,15.571686,0101000020E610000080290307B4242F40C0B0FCF9B6344D40
13714191,1509,71766350,Private room,Sweden,Linkoping,,Link̦ping,23,5,2,1,,49,,14:01.5,58.416022,15.604899,0101000020E610000026C45C52B5352F4050357A3540354D40
15581684,1509,46954787,Private room,Sweden,Linkoping,,Link̦ping,7,5,2,1,,48,,14:01.5,58.397894,15.646656,0101000020E61000003C86C77E164B2F4027A3CA30EE324D40
12705551,1509,61283893,Private room,Sweden,Linkoping,,Link̦ping,26,5,2,1,,49,,14:01.5,58.413388,15.600754,0101000020E6100000E3E13D0796332F408847E2E5E9344D40
19081847,1509,63262009,Private room,Sweden,Linkoping,,Link̦ping,0,0,2,1,,47,,14:01.5,58.388431,15.571111,0101000020E61000008FC536A968242F4054E0641BB8314D40
19639839,1509,80406486,Private room,Sweden,Linkoping,,Link̦ping,0,0,2,2,,62,,14:01.5,58.409913,15.558991,0101000020E610000045847F11341E2F40469A780778344D40
11327552,1509,59269319,Private room,Sweden,Linkoping,,Link̦ping,34,4,2,1,,54,,14:01.5,58.407218,15.568032,0101000020E6100000B7291E17D5222F40D82B2CB81F344D40
18278128,1509,82551201,Private room,Sweden,Linkoping,,Link̦ping,10,5,3,1,,49,,14:01.5,58.416591,15.621127,0101000020E61000003F53AF5B043E2F406A6798DA52354D40
1522533,1509,8125538,Private room,Sweden,Linkoping,,Link̦ping,61,4.5,4,1,,50,,14:01.5,58.417919,15.552762,0101000020E61000006FF1F09E031B2F4042B0AA5E7E354D40
18763587,1509,130556944,Private room,Sweden,Linkoping,,Link̦ping,4,5,3,2,,62,,14:01.5,58.412698,15.61708,0101000020E61000000708E6E8F13B2F40F38FBE49D3344D40
5178988,1509,26786546,Private room,Sweden,Linkoping,,Link̦ping,17,4.5,3,1,,28,,13:59.7,58.431941,15.568852,0101000020E61000004487C09140232F409966BAD749374D40
16401148,1509,107401830,Private room,Sweden,Linkoping,,Link̦ping,3,5,1,1,,29,,13:59.7,58.405573,15.625984,0101000020E610000077A38FF980402F40FF91E9D0E9334D40
16557504,1509,74584322,Private room,Sweden,Linkoping,,Link̦ping,0,0,3,2,,31,,13:58.7,58.407563,15.599008,0101000020E6100000B115342DB1322F40A3073E062B344D40
19125036,1509,22919265,Private room,Sweden,Linkoping,,Link̦ping,0,0,2,1,,38,,13:58.7,58.408876,15.587661,0101000020E6100000F24410E7E12C2F40450F7C0C56344D40
12699526,1509,69027418,Private room,Sweden,Linkoping,,Link̦ping,15,5,1,1,,37,,13:58.6,58.426586,15.569471,0101000020E6100000740AF2B391232F403A77BB5E9A364D40
13621048,1509,24402391,Private room,Sweden,Linkoping,,Link̦ping,7,4,2,1,,24,,13:58.6,58.423433,15.585432,0101000020E610000052103CBEBD2B2F400A86730D33364D40
13817935,1509,71766350,Private room,Sweden,Linkoping,,Link̦ping,19,5,1,1,,30,,13:58.6,58.415986,15.604152,0101000020E610000040A0336953352F4003CC7C073F354D40
7415865,1509,26786546,Private room,Sweden,Linkoping,,Link̦ping,24,4.5,2,1,,28,,13:58.6,58.432542,15.569018,0101000020E6100000B0ABC95356232F40BE1248895D374D40
16437517,1509,105674139,Private room,Sweden,Linkoping,,Link̦ping,0,0,1,1,,24,,13:58.6,58.417526,15.595933,0101000020E6100000DF3653211E312F40679DF17D71354D40
19858684,1509,59350345,Private room,Sweden,Linkoping,,Link̦ping,0,0,1,1,,27,,13:58.6,58.411126,15.566976,0101000020E6100000DA3BA3AD4A222F408544DAC69F344D40
19045539,1509,132930411,Private room,Sweden,Linkoping,,Link̦ping,0,0,1,1,,12,,13:58.6,58.422372,15.585314,0101000020E61000002AC8CF46AE2B2F40815F234910364D40
13504372,1509,76528629,Private room,Sweden,Linkoping,,Link̦ping,17,5,2,1,,34,,13:58.6,58.413218,15.588494,0101000020E6100000D2C8E7154F2D2F402C0FD253E4344D40
13205005,1509,73989113,Private room,Sweden,Linkoping,,Link̦ping,11,5,1,1,,28,,13:58.6,58.408554,15.591443,0101000020E610000071E5EC9DD12E2F4033535A7F4B344D40
2218306,1509,8125538,Private room,Sweden,Linkoping,,Link̦ping,71,4.5,2,1,,37,,13:58.6,58.416555,15.553922,0101000020E6100000E01115AA9B1B2F401EFE9AAC51354D40
19608683,1509,63262009,Private room,Sweden,Linkoping,,Link̦ping,0,0,1,1,,40,,13:58.6,58.38906,15.573233,0101000020E6100000D7F9B7CB7E252F404417D4B7CC314D40
16910125,1509,82798836,Private room,Sweden,Linkoping,,Link̦ping,1,0,1,0,,20,,13:58.6,58.398887,15.640034,0101000020E6100000F8A75489B2472F4058E6ADBA0E334D40
14459174,1509,82278055,Private room,Sweden,Linkoping,,Link̦ping,18,5,3,1,,39,,13:58.6,58.386862,15.575979,0101000020E6100000965D30B8E6262F405708ABB184314D40
19264844,1509,24402391,Private room,Sweden,Linkoping,,Link̦ping,1,0,3,1,,29,,13:58.6,58.423986,15.586956,0101000020E6100000C861307F852C2F401EFB592C45364D40
13026252,1509,71246827,Private room,Sweden,Linkoping,,Link̦ping,12,4.5,1,1,,20,,13:58.6,58.412305,15.565566,0101000020E61000008675E3DD91212F40187D0569C6344D40
16775867,1509,60222846,Private room,Sweden,Linkoping,,Link̦ping,18,4.5,4,1,,24,,13:57.0,58.414828,15.566821,0101000020E61000003D5FB35C36222F4088BB7A1519354D40