room_id,survey_id,host_id,room_type,country,city,borough,neighborhood,reviews,overall_satisfaction,accommodates,bedrooms,bathrooms,price,minstay,last_modified,latitude,longitude,location
12429360,1503,62433469,Entire home/apt,United States,Charlottesville,,Fry's Spring,0,0,5,4,,1000,,15:50.9,38.021999,-78.51971,0101000020E6100000DE59BBED42A153C0B9C5FCDCD0024340
12102711,1503,24936886,Entire home/apt,United States,Charlottesville,,North Downtown,6,4.5,4,2,,460,,15:25.8,38.03219,-78.478299,0101000020E610000069AD68739C9E53C00EA14ACD1E044340
4137384,1503,20722045,Entire home/apt,United States,Charlottesville,,Belmont,132,5,6,3,,155,,15:20.4,38.02221,-78.472945,0101000020E6100000A1F31ABB449E53C074D2FBC6D7024340
18293776,1503,11309908,Entire home/apt,United States,Charlottesville,,Locust Grove,0,0,6,2,,395,,15:05.8,38.040092,-78.468766,0101000020E610000083DE1B43009E53C0666A12BC21054340
1571151,1503,7931366,Entire home/apt,United States,Charlottesville,,Fifeville,7,5,5,3,,230,,15:04.9,38.028713,-78.493188,0101000020E6100000E6B16664909F53C02BFC19DEAC034340
18055716,1503,74943809,Entire home/apt,United States,Charlottesville,,Jefferson Park Avenue,6,5,8,3,,149,,14:55.5,38.025248,-78.521454,0101000020E6100000941799805FA153C00B2593533B034340
18850742,1503,65543108,Entire home/apt,United States,Charlottesville,,Venable,4,4.5,4,2,,105,,14:52.9,38.036359,-78.498701,0101000020E6100000E15E99B7EA9F53C027F56569A7044340
16065005,1503,24936886,Entire home/apt,United States,Charlottesville,,Venable,0,0,8,3,,610,,14:44.0,38.047154,-78.495573,0101000020E6100000F5F1D077B79F53C013F06B2409064340
9129687,1503,41399220,Entire home/apt,United States,Charlottesville,,Martha Jefferson,1,0,8,4,,612,,14:44.0,38.030653,-78.471697,0101000020E6100000C4279D48309E53C01C430070EC034340
14825922,1503,9542839,Entire home/apt,United States,Charlottesville,,Fry's Spring,1,0,14,5,,600,,14:43.3,38.015633,-78.509248,0101000020E61000006B63EC8497A053C083DE1B4300024340
17940496,1503,41399220,Entire home/apt,United States,Charlottesville,,Fry's Spring,0,0,8,4,,345,,14:42.6,38.016013,-78.510978,0101000020E61000006EBE11DDB3A053C0CAA7C7B60C024340
13448420,1503,24936886,Entire home/apt,United States,Charlottesville,,Locust Grove,0,0,5,2,,404,,14:42.6,38.040973,-78.463691,0101000020E6100000C51C041DAD9D53C06F826F9A3E054340
2315671,1503,5217296,Entire home/apt,United States,Charlottesville,,Belmont,9,5,9,4,,400,,14:42.0,38.023453,-78.476406,0101000020E61000009067976F7D9E53C01EFF058200034340
1382393,1503,7330391,Entire home/apt,United States,Charlottesville,,North Downtown,24,5,6,3,,325,,14:42.0,38.035681,-78.48166,0101000020E6100000A6F27684D39E53C0560BEC3191044340
2223150,1503,11343823,Entire home/apt,United States,Charlottesville,,Martha Jefferson,5,5,8,5,,350,,14:42.0,38.033859,-78.466259,0101000020E6100000CD1DFD2FD79D53C06FD6E07D55044340
2431334,1503,6730461,Entire home/apt,United States,Charlottesville,,Martha Jefferson,8,4.5,6,3,,390,,14:40.9,38.02888,-78.475772,0101000020E61000009016670C739E53C016C1FF56B2034340
5868737,1503,30472916,Entire home/apt,United States,Charlottesville,,Fry's Spring,9,5,4,2,,215,,14:39.8,38.01512,-78.509008,0101000020E6100000C0594A9693A053C0FDC1C073EF014340
16477334,1503,108159902,Entire home/apt,United States,Charlottesville,,Jefferson Park Avenue,2,0,4,2,,250,,14:39.0,38.027581,-78.508684,0101000020E6100000E7FF55478EA053C0D87E32C687034340
12339369,1503,14333932,Entire home/apt,United States,Charlottesville,,Venable,31,5,6,2,,250,,14:39.0,38.045833,-78.49958,0101000020E6100000156F641EF99F53C0EE0912DBDD054340
919860,1503,4942289,Entire home/apt,United States,Charlottesville,,North Downtown,60,5,6,1,,225,,14:37.5,38.036209,-78.47852,0101000020E6100000D89E5912A09E53C012691B7FA2044340
9128706,1503,41399220,Entire home/apt,United States,Charlottesville,,Belmont,18,4.5,6,3,,251,,14:37.5,38.026307,-78.47885,0101000020E6100000226C787AA59E53C0F4531C075E034340
19501728,1503,13464830,Entire home/apt,United States,Charlottesville,,Fifeville,0,0,7,3,,219,,14:37.5,38.022928,-78.499922,0101000020E61000004223D8B8FE9F53C0D314014EEF024340
2400071,1503,5759618,Entire home/apt,United States,Charlottesville,,Barracks/Rugby,19,4.5,6,2,,185,,14:36.4,38.046,-78.484533,0101000020E61000004C35B396029F53C0D9CEF753E3054340
18807618,1503,55795145,Entire home/apt,United States,Charlottesville,,Belmont,0,0,5,3,,199,,14:35.1,38.018457,-78.484197,0101000020E610000090F46915FD9E53C0EEB089CC5C024340
9274661,1503,3271079,Entire home/apt,United States,Charlottesville,,Jefferson Park Avenue,102,5,7,3,,193,,14:35.1,38.030082,-78.506809,0101000020E61000006214048F6FA053C061191BBAD9034340
4342251,1503,22543310,Entire home/apt,United States,Charlottesville,,Martha Jefferson,27,5,2,1,,165,,14:32.4,38.030523,-78.472266,0101000020E6100000D1402C9B399E53C04E637B2DE8034340
17692064,1503,76362073,Entire home/apt,United States,Charlottesville,,North Downtown,2,0,4,2,,170,,14:32.3,38.038132,-78.473504,0101000020E61000009DA1B8E34D9E53C02D776682E1044340
914564,1503,4908729,Entire home/apt,United States,Charlottesville,,Belmont,139,5,5,2,,135,,14:31.3,38.019301,-78.481586,0101000020E6100000880D164ED29E53C0DAE3857478024340
18689465,1503,13600607,Entire home/apt,United States,Charlottesville,,Belmont,15,5,4,1,,130,,14:30.4,38.025327,-78.478524,0101000020E610000078962023A09E53C0575A46EA3D034340
11151751,1503,20591443,Entire home/apt,United States,Charlottesville,,Barracks/Rugby,1,0,6,4,,104,,14:27.9,38.043018,-78.485079,0101000020E61000007D3ECA880B9F53C0D591239D81054340
15278354,1503,44940909,Entire home/apt,United States,Charlottesville,,Belmont,47,5,2,1,,117,,14:27.9,38.023156,-78.471296,0101000020E610000014AFB2B6299E53C0645A9BC6F6024340
6674438,1503,8363563,Entire home/apt,United States,Charlottesville,,Locust Grove,85,5,5,1,,118,,14:27.9,38.039149,-78.461584,0101000020E6100000D7169E978A9D53C0E7559DD502054340
15949087,1503,103538718,Entire home/apt,United States,Charlottesville,,North Downtown,67,5,4,0,,115,,14:27.9,38.026124,-78.480846,0101000020E6100000651A4D2EC69E53C003D2FE0758034340
10140576,1503,1424301,Entire home/apt,United States,Charlottesville,,Jefferson Park Avenue,9,4.5,2,1,,85,,14:25.4,38.027162,-78.516375,0101000020E6100000355EBA490CA153C0D3D85E0B7A034340
19566315,1503,50999512,Entire home/apt,United States,Charlottesville,,Belmont,0,0,2,0,,75,,14:21.3,38.024943,-78.476836,0101000020E61000008D63247B849E53C0CFA10C5531034340
11836205,1503,11397508,Entire home/apt,United States,Charlottesville,,Venable,1,0,12,5,,1600,,14:18.9,38.045904,-78.502967,0101000020E6100000E7FD7F9C30A053C0B760A92EE0054340
17569739,1503,119296216,Entire home/apt,United States,Charlottesville,,Johnson Village,0,0,11,4,,1100,,14:18.3,38.020289,-78.504909,0101000020E6100000309DD66D50A053C0F9BB77D498024340
14035517,1503,80473852,Entire home/apt,United States,Charlottesville,,Fry's Spring,0,0,10,6,,1500,,14:18.3,38.017437,-78.517384,0101000020E610000051DEC7D11CA153C0C45E28603B024340
1148833,1503,6298273,Entire home/apt,United States,Charlottesville,,Locust Grove,17,5,10,4,,1200,,14:18.3,38.039997,-78.470353,0101000020E6100000D52478431A9E53C01478279F1E054340
2537050,1503,12990801,Entire home/apt,United States,Charlottesville,,Venable,7,5,12,5,,1500,,14:18.3,38.044226,-78.501444,0101000020E6100000A13193A817A053C003D19332A9054340
10568092,1503,54508957,Entire home/apt,United States,Charlottesville,,North Downtown,0,0,8,6,,995,,14:17.4,38.035908,-78.47312,0101000020E610000058C51B99479E53C017D522A298044340
17139030,1503,115217817,Entire home/apt,United States,Charlottesville,,Fry's Spring,0,0,10,2,,945,,14:17.4,38.022247,-78.518559,0101000020E6100000F982161230A153C091B75CFDD8024340
16560110,1503,15601209,Entire home/apt,United States,Charlottesville,,Belmont,7,5,13,3,,800,,14:17.4,38.027098,-78.47423,0101000020E61000000E32C9C8599E53C0BDE47FF277034340
13890978,1503,82268357,Entire home/apt,United States,Charlottesville,,Belmont,8,5,8,4,,1000,,14:17.4,38.025399,-78.47853,0101000020E6100000EA094B3CA09E53C0F12C414640034340
15020174,1503,41399220,Entire home/apt,United States,Charlottesville,,Lewis Mtn,0,0,10,5,,797,,14:17.4,38.037909,-78.509641,0101000020E6100000D9EC48F59DA053C0AE9CBD33DA044340
17636437,1503,43963781,Entire home/apt,United States,Charlottesville,,Ridge Street,0,0,7,3,,794,,14:17.4,38.019304,-78.492768,0101000020E6100000FB20CB82899F53C04B57B08D78024340
5091988,1503,6370470,Entire home/apt,United States,Charlottesville,,Venable,14,5,12,6,,900,,14:17.4,38.045255,-78.500029,0101000020E61000004D83A27900A053C0807D74EACA054340
12446603,1503,1537614,Entire home/apt,United States,Charlottesville,,Ridge Street,1,0,8,3,,940,,14:17.4,38.017623,-78.494184,0101000020E6100000378DEDB5A09F53C02654707841024340
9844794,1503,1440501,Entire home/apt,United States,Charlottesville,,Fifeville,4,5,9,5,,800,,14:17.4,38.030267,-78.488123,0101000020E61000003A5B40683D9F53C0F392FFC9DF034340
5794342,1503,30060251,Entire home/apt,United States,Charlottesville,,Ridge Street,1,0,6,2,,750,,14:17.4,38.018524,-78.490113,0101000020E61000000B96EA025E9F53C0761893FE5E024340
11143292,1503,57914113,Entire home/apt,United States,Charlottesville,,Ridge Street,8,5,15,6,,800,,14:17.4,38.017994,-78.492177,0101000020E6100000FAB5F5D37F9F53C01AC39CA04D024340
12803076,1503,34286844,Entire home/apt,United States,Charlottesville,,Lewis Mtn,0,0,6,3,,900,,14:17.4,38.037033,-78.511745,0101000020E61000000FB9196EC0A053C0B7EF517FBD044340
18631989,1503,4426278,Entire home/apt,United States,Charlottesville,,Martha Jefferson,0,0,8,3,,900,,14:17.4,38.029376,-78.470275,0101000020E6100000174850FC189E53C0C6A4BF97C2034340
14275664,1503,38560159,Entire home/apt,United States,Charlottesville,,Venable,15,5,11,4,,750,,14:17.4,38.042501,-78.499435,0101000020E610000094DE37BEF69F53C00E863AAC70054340
19070344,1503,41399220,Entire home/apt,United States,Charlottesville,,Barracks/Rugby,0,0,10,5,,525,,14:16.2,38.051253,-78.492528,0101000020E610000050172994859F53C0346953758F064340
12219119,1503,24936886,Entire home/apt,United States,Charlottesville,,Fry's Spring,7,5,6,2,,520,,14:16.2,38.022308,-78.515014,0101000020E6100000DBBE47FDF5A053C0373811FDDA024340
12172911,1503,41399220,Entire home/apt,United States,Charlottesville,,Lewis Mtn,3,4.5,8,4,,525,,14:16.2,38.041443,-78.509271,0101000020E6100000477364E597A053C0F6D214014E054340
12218955,1503,24936886,Entire home/apt,United States,Charlottesville,,Fry's Spring,1,0,6,3,,692,,14:16.1,38.016697,-78.518265,0101000020E6100000556AF6402BA153C07D78962023024340
11584825,1503,33524352,Entire home/apt,United States,Charlottesville,,Venable,8,5,11,4,,700,,14:16.0,38.046016,-78.501728,0101000020E610000033DFC14F1CA053C0DF8B2FDAE3054340
14665663,1503,50006153,Entire home/apt,United States,Charlottesville,,Fry's Spring,13,5,10,4,,540,,14:15.3,38.014334,-78.507155,0101000020E61000002FC03E3A75A053C0459C4EB2D5014340
11926883,1503,1537614,Entire home/apt,United States,Charlottesville,,Ridge Street,5,5,8,3,,594,,14:15.3,38.018941,-78.492385,0101000020E61000009F02603C839F53C0DAC69FA86C024340
15371171,1503,98189075,Entire home/apt,United States,Charlottesville,,Venable,0,0,6,3,,599,,14:15.3,38.044162,-78.498029,0101000020E61000006ADD06B5DF9F53C0ECDCB419A7054340
16882025,1503,57914113,Entire home/apt,United States,Charlottesville,,Ridge Street,0,0,11,4,,600,,14:15.3,38.017457,-78.492526,0101000020E6100000809BC58B859F53C00B0BEE073C024340
10253943,1503,52712836,Entire home/apt,United States,Charlottesville,,Belmont,2,0,8,4,,650,,14:15.3,38.016157,-78.483966,0101000020E61000000F98874CF99E53C0FD4CBD6E11024340
6333537,1503,32971215,Entire home/apt,United States,Charlottesville,,Fifeville,0,0,6,3,,650,,14:15.2,38.028224,-78.502271,0101000020E6100000ABAE433525A053C02D7B12D89C034340
5639679,1503,21377961,Entire home/apt,United States,Charlottesville,,Fry's Spring,17,5,8,3,,650,,14:15.2,38.023726,-78.518886,0101000020E61000008B16A06D35A153C04F081D7409034340
5965343,1503,29922885,Entire home/apt,United States,Charlottesville,,Greenbrier,1,0,6,3,,690,,14:15.2,38.056369,-78.477416,0101000020E610000094A5D6FB8D9E53C00DC1711937074340
18116955,1503,24813991,Entire home/apt,United States,Charlottesville,,North Downtown,1,0,16,5,,550,,14:15.2,38.033656,-78.47643,0101000020E6100000543541D47D9E53C037A8FDD64E044340
12971706,1503,5252443,Entire home/apt,United States,Charlottesville,,Fry's Spring,18,5,9,4,,525,,14:15.2,38.016331,-78.509819,0101000020E610000048F8DEDFA0A053C09B745B2217024340
18377048,1503,8463971,Entire home/apt,United States,Charlottesville,,Martha Jefferson,0,0,8,4,,600,,14:15.2,38.034044,-78.46953,0101000020E61000006B9F8EC70C9E53C00150C58D5B044340
12081690,1503,64521613,Entire home/apt,United States,Charlottesville,,North Downtown,0,0,2,1,,300,,14:08.7,38.030437,-78.483364,0101000020E610000014048F6FEF9E53C04FCB0F5CE5034340
4961336,1503,19245350,Entire home/apt,United States,Charlottesville,,Jefferson Park Avenue,9,5,4,2,,275,,14:08.7,38.025528,-78.515419,0101000020E61000002B2FF99FFCA053C0EF90628044034340
5693016,1503,13647121,Entire home/apt,United States,Charlottesville,,Barracks/Rugby,5,5,6,3,,250,,14:08.7,38.052839,-78.487069,0101000020E61000004F7974232C9F53C0077AA86DC3064340
17300097,1503,1642944,Entire home/apt,United States,Charlottesville,,Martha Jefferson,13,5,4,2,,200,,14:06.5,38.031404,-78.468476,0101000020E61000007FBDC282FB9D53C0577BD80B05044340
11144486,1503,3074120,Entire home/apt,United States,Charlottesville,,Belmont,52,5,10,4,,298,,14:06.5,38.020216,-78.474947,0101000020E610000055151A88659E53C08F6D197096024340
9973983,1503,41490673,Entire home/apt,United States,Charlottesville,,Fifeville,3,5,9,4,,220,,14:06.5,38.029792,-78.496655,0101000020E610000046990D32C99F53C05AD76839D0034340
16063816,1503,103970291,Entire home/apt,United States,Charlottesville,,Fifeville,13,5,7,4,,266,,14:06.5,38.025948,-78.500795,0101000020E610000005C078060DA053C0C4B2994352034340
18370600,1503,42914395,Entire home/apt,United States,Charlottesville,,Fifeville,3,5,5,3,,276,,14:06.5,38.027629,-78.488234,0101000020E6100000E6B2D1393F9F53C0E9B5D95889034340
9127813,1503,41399220,Entire home/apt,United States,Charlottesville,,Belmont,17,4.5,5,3,,219,,14:06.5,38.02748,-78.477587,0101000020E6100000AA7F10C9909E53C0A4A5F27684034340
266824,1503,1399120,Entire home/apt,United States,Charlottesville,,Venable,50,5,4,2,,235,,14:06.5,38.046857,-78.501286,0101000020E610000054FCDF1115A053C05A4B0169FF054340
14982635,1503,71475858,Entire home/apt,United States,Charlottesville,,Martha Jefferson,22,5,4,2,,250,,14:06.5,38.032731,-78.47276,0101000020E6100000D8B628B3419E53C05E48878730044340
14842643,1503,12586359,Entire home/apt,United States,Charlottesville,,Fifeville,28,5,6,3,,200,,14:06.5,38.026614,-78.502297,0101000020E610000040F850A225A053C0D1CE691668034340
2740210,1503,8782137,Entire home/apt,United States,Charlottesville,,Belmont,27,5,4,2,,265,,14:06.5,38.026552,-78.478328,0101000020E6100000B6300BED9C9E53C05BD2510E66034340
15213642,1503,96655869,Entire home/apt,United States,Charlottesville,,Belmont,1,0,5,3,,300,,14:06.5,38.024962,-78.475051,0101000020E6100000A73B4F3C679E53C046D26EF431034340
673302,1503,3416852,Entire home/apt,United States,Charlottesville,,Fifeville,77,5,4,2,,240,,14:06.4,38.029544,-78.488975,0101000020E6100000F163CC5D4B9F53C082E50819C8034340
17480543,1503,118419277,Entire home/apt,United States,Charlottesville,,Barracks/Rugby,10,5,6,3,,295,,14:06.4,38.044204,-78.485558,0101000020E6100000EA93DC61139F53C01B2D077AA8054340
18717752,1503,7271898,Entire home/apt,United States,Charlottesville,,Fifeville,4,5,8,3,,228,,14:06.4,38.030771,-78.494585,0101000020E6100000E605D847A79F53C02655DB4DF0034340
1138005,1503,6226940,Entire home/apt,United States,Charlottesville,,Locust Grove,0,0,6,3,,200,,14:05.3,38.044574,-78.460573,0101000020E6100000EB1A2D077A9D53C03E20D099B4054340
4041148,1503,6170522,Entire home/apt,United States,Charlottesville,,Woolen Mills,4,5,5,3,,185,,14:05.3,38.02933,-78.462803,0101000020E6100000675F79909E9D53C05665DF15C1034340
15547124,1503,26902054,Entire home/apt,United States,Charlottesville,,Belmont,6,5,4,2,,200,,14:05.3,38.021403,-78.482528,0101000020E6100000E0D91EBDE19E53C0A5846055BD024340
15039876,1503,1607528,Entire home/apt,United States,Charlottesville,,Locust Grove,8,5,4,2,,180,,14:05.3,38.044658,-78.460411,0101000020E6100000FEEDB25F779D53C09CC0745AB7054340
16435125,1503,43731622,Entire home/apt,United States,Charlottesville,,Ridge Street,5,5,6,3,,200,,14:05.3,38.021276,-78.484533,0101000020E61000004C35B396029F53C04818062CB9024340
4085607,1503,21192127,Entire home/apt,United States,Charlottesville,,Locust Grove,37,5,4,2,,199,,14:05.3,38.043046,-78.460139,0101000020E61000004E27D9EA729D53C09F1C058882054340
18413285,1503,48104302,Entire home/apt,United States,Charlottesville,,Belmont,7,5,5,2,,200,,14:05.3,38.020187,-78.483652,0101000020E610000048A98427F49E53C0F566D47C95024340
15052924,1503,17274235,Entire home/apt,United States,Charlottesville,,Fry's Spring,15,5,8,3,,199,,14:04.3,38.016161,-78.499048,0101000020E610000097C80567F09F53C03E3C4B9011024340
9127478,1503,41399220,Entire home/apt,United States,Charlottesville,,North Downtown,3,4.5,4,1,,184,,14:04.2,38.03356,-78.474218,0101000020E61000002B4B7496599E53C0153AAFB14B044340
19746233,1503,45859106,Entire home/apt,United States,Charlottesville,,Ridge Street,0,0,7,4,,199,,14:04.2,38.02353,-78.488862,0101000020E61000007590D783499F53C0C93CF20703034340
6024395,1503,1312480,Entire home/apt,United States,Charlottesville,,Belmont,43,5,5,3,,200,,14:04.2,38.025205,-78.476766,0101000020E610000010768A55839E53C00C59DDEA39034340
12534640,1503,20931245,Entire home/apt,United States,Charlottesville,,Ridge Street,4,4.5,6,3,,185,,14:04.2,38.020812,-78.484743,0101000020E6100000C1FD8007069F53C0A3AEB5F7A9024340
1913051,1503,5166924,Entire home/apt,United States,Charlottesville,,Belmont,23,5,4,2,,200,,14:04.2,38.020574,-78.481116,0101000020E61000004565C39ACA9E53C0EF92382BA2024340
12901015,1503,44292656,Entire home/apt,United States,Charlottesville,,10th & Page,21,5,6,2,,199,,14:04.2,38.035807,-78.488891,0101000020E6100000C2137AFD499F53C0E3FBE25295044340
5352948,1503,14858633,Entire home/apt,United States,Charlottesville,,Belmont,108,5,5,2,,194,,14:04.2,38.021333,-78.474098,0101000020E61000005646239F579E53C0ACA92C0ABB024340
18565944,1503,128893917,Entire home/apt,United States,Charlottesville,,Martha Jefferson,6,5,4,2,,185,,14:04.2,38.035561,-78.465375,0101000020E6100000105839B4C89D53C0AC014A438D044340
8590559,1503,3661541,Entire home/apt,United States,Charlottesville,,Martha Jefferson,20,5,4,2,,195,,14:04.2,38.033861,-78.47053,0101000020E61000005C72DC291D9E53C010CEA78E55044340
7086685,1503,28498879,Entire home/apt,United States,Charlottesville,,Martha Jefferson,94,5,4,2,,185,,14:04.2,38.028337,-78.466702,0101000020E610000094BE1072DE9D53C02522FC8BA0034340
13951613,1503,3033967,Entire home/apt,United States,Charlottesville,,North Downtown,53,5,6,2,,185,,14:04.2,38.033802,-78.481603,0101000020E6100000F4A96395D29E53C00B45BA9F53044340
5640118,1503,23038124,Entire home/apt,United States,Charlottesville,,Belmont,13,5,4,2,,145,,14:03.3,38.025813,-78.477388,0101000020E61000002FE065868D9E53C0E46723D74D034340
9541865,1503,41399220,Entire home/apt,United States,Charlottesville,,Locust Grove,6,5,4,1,,168,,14:03.3,38.043098,-78.46052,0101000020E6100000DAC9E028799D53C0F2423A3C84054340
16283532,1503,41399220,Entire home/apt,United States,Charlottesville,,Belmont,8,5,2,1,,152,,14:03.3,38.024079,-78.476899,0101000020E6100000B01F6283859E53C09CC24A0515034340
13058517,1503,41399220,Entire home/apt,United States,Charlottesville,,North Downtown,2,0,2,1,,156,,14:03.3,38.030514,-78.482983,0101000020E610000089618731E99E53C0FA08FCE1E7034340
7912866,1503,41399220,Entire home/apt,United States,Charlottesville,,North Downtown,11,4.5,4,1,,171,,14:03.3,38.031959,-78.481883,0101000020E6100000E55FCB2BD79E53C00CE8853B17044340
9129303,1503,41399220,Entire home/apt,United States,Charlottesville,,Belmont,15,5,2,1,,152,,14:03.3,38.024704,-78.476551,0101000020E610000012F8C3CF7F9E53C04A0A2C8029034340
7912919,1503,41399220,Entire home/apt,United States,Charlottesville,,Ridge Street,27,5,4,1,,167,,14:03.3,38.02297,-78.491598,0101000020E6100000DB317557769F53C0026553AEF0024340
9129775,1503,41399220,Entire home/apt,United States,Charlottesville,,North Downtown,3,4.5,4,1,,171,,14:03.3,38.031647,-78.482251,0101000020E6100000A75D4C33DD9E53C01D0247020D044340
9935991,1503,51069392,Entire home/apt,United States,Charlottesville,,Venable,9,4.5,2,1,,150,,14:03.3,38.046197,-78.499441,0101000020E6100000055262D7F69F53C02F1686C8E9054340
13058593,1503,41399220,Entire home/apt,United States,Charlottesville,,North Downtown,9,5,2,1,,156,,14:03.3,38.030856,-78.482925,0101000020E6100000EE5A423EE89E53C05471E316F3034340
8933383,1503,5142605,Entire home/apt,United States,Charlottesville,,Fifeville,9,5,4,1,,150,,14:02.4,38.031159,-78.493753,0101000020E610000052D32EA6999F53C0F0FCA204FD034340
9129723,1503,41399220,Entire home/apt,United States,Charlottesville,,Belmont,14,4.5,3,1,,152,,14:02.4,38.022765,-78.472061,0101000020E6100000E42D573F369E53C0293FA9F6E9024340
3251079,1503,15943626,Entire home/apt,United States,Charlottesville,,Johnson Village,0,0,6,4,,150,,14:02.4,38.020489,-78.506938,0101000020E610000061C614AC71A053C0C07630629F024340
7436659,1503,22964054,Entire home/apt,United States,Charlottesville,,Martha Jefferson,2,0,4,2,,175,,14:02.4,38.029617,-78.467931,0101000020E61000003672DD94F29D53C0EC33677DCA034340
12465498,1503,6632091,Entire home/apt,United States,Charlottesville,,Fifeville,2,0,4,2,,175,,14:02.4,38.028261,-78.491158,0101000020E6100000CDCAF6216F9F53C04A60730E9E034340
6089079,1503,1725102,Entire home/apt,United States,Charlottesville,,Woolen Mills,13,5,7,3,,180,,14:02.4,38.026532,-78.463204,0101000020E610000017D86322A59D53C014268C6665034340
8988689,1503,19911146,Entire home/apt,United States,Charlottesville,,Lewis Mtn,14,5,4,2,,150,,14:02.4,38.039997,-78.512333,0101000020E610000057EA5910CAA053C01478279F1E054340
13924181,1503,57914113,Entire home/apt,United States,Charlottesville,,Ridge Street,6,4.5,8,2,,170,,14:02.4,38.016368,-78.492704,0101000020E6100000F0A65B76889F53C0B859BC5818024340
15352198,1503,25321321,Entire home/apt,United States,Charlottesville,,Woolen Mills,11,5,6,2,,175,,14:02.4,38.024901,-78.46387,0101000020E61000001DE6CB0BB09D53C0A051BAF42F034340
13199478,1503,50344496,Entire home/apt,United States,Charlottesville,,Locust Grove,3,5,7,3,,180,,14:02.4,38.038345,-78.461044,0101000020E61000001781B1BE819D53C0897B2C7DE8044340
18697649,1503,85751532,Entire home/apt,United States,Charlottesville,,North Downtown,1,0,8,2,,150,,14:02.4,38.040983,-78.474171,0101000020E61000008B6D52D1589E53C0925852EE3E054340
1461857,1503,2788687,Entire home/apt,United States,Charlottesville,,Martha Jefferson,28,5,2,1,,150,,14:02.4,38.032928,-78.468717,0101000020E610000012859675FF9D53C0B48F15FC36044340
12354518,1503,22265093,Entire home/apt,United States,Charlottesville,,Martha Jefferson,1,0,4,2,,171,,14:02.4,38.035664,-78.466363,0101000020E6100000204432E4D89D53C080D250A390044340
9129433,1503,41399220,Entire home/apt,United States,Charlottesville,,North Downtown,9,5,4,1,,163,,14:02.3,38.035061,-78.477182,0101000020E61000005A0F5F268A9E53C0BA2EFCE07C044340
16780747,1503,50816348,Entire home/apt,United States,Charlottesville,,Belmont,15,4.5,6,2,,165,,14:01.0,38.027834,-78.476582,0101000020E61000002FF7C951809E53C0C2DB831090034340
14535650,1503,86190624,Entire home/apt,United States,Charlottesville,,Woolen Mills,36,4.5,6,3,,149,,14:01.0,38.033043,-78.461707,0101000020E61000006555849B8C9D53C04D2EC6C03A044340
18563785,1503,14050774,Entire home/apt,United States,Charlottesville,,Locust Grove,3,3.5,6,2,,179,,14:01.0,38.038638,-78.464243,0101000020E610000067994528B69D53C001310917F2044340
19008037,1503,3052367,Entire home/apt,United States,Charlottesville,,Fifeville,0,0,4,2,,149,,14:01.0,38.029932,-78.493544,0101000020E6100000C5C89239969F53C04C8DD0CFD4034340
12428816,1503,6730461,Entire home/apt,United States,Charlottesville,,Belmont,34,5,4,2,,150,,14:01.0,38.026527,-78.474512,0101000020E6100000D06394675E9E53C002BB9A3C65034340
7912785,1503,41399220,Entire home/apt,United States,Charlottesville,,North Downtown,26,4.5,4,1,,171,,14:00.9,38.031912,-78.481066,0101000020E6100000EC4D0CC9C99E53C0CB2C42B115044340
19767196,1503,19901610,Entire home/apt,United States,Charlottesville,,Martha Jefferson,0,0,4,2,,145,,14:00.9,38.027577,-78.466735,0101000020E610000082397AFCDE9D53C0978FA4A487034340
13544918,1503,12257171,Entire home/apt,United States,Charlottesville,,Woolen Mills,30,5,4,2,,145,,14:00.9,38.03027,-78.463522,0101000020E61000007FBE2D58AA9D53C064062AE3DF034340
1656615,1503,8782137,Entire home/apt,United States,Charlottesville,,Locust Grove,55,4.5,4,2,,175,,14:00.9,38.04061,-78.470523,0101000020E61000000341800C1D9E53C0FEF15EB532054340
11733216,1503,30910264,Entire home/apt,United States,Charlottesville,,Lewis Mtn,16,5,4,1,,170,,14:00.9,38.038331,-78.51324,0101000020E6100000F0BF95ECD8A053C024B6BB07E8044340
15564899,1503,85534183,Entire home/apt,United States,Charlottesville,,North Downtown,4,5,4,2,,180,,14:00.9,38.038088,-78.477539,0101000020E610000021E4BCFF8F9E53C05E2F4D11E0044340
13743664,1503,80473852,Entire home/apt,United States,Charlottesville,,Belmont,25,5,4,2,,151,,14:00.9,38.02077,-78.483131,0101000020E6100000C32B499EEB9E53C0745E6397A8024340
9704469,1503,50109497,Entire home/apt,United States,Charlottesville,,Ridge Street,78,5,4,2,,169,,14:00.9,38.025363,-78.481303,0101000020E6100000DE1D19ABCD9E53C0A4C343183F034340
2912934,1503,1252428,Entire home/apt,United States,Charlottesville,,North Downtown,118,5,4,2,,160,,14:00.9,38.036076,-78.482238,0101000020E6100000DCB8C5FCDC9E53C0D3156C239E044340
1186869,1503,6490125,Entire home/apt,United States,Charlottesville,,Venable,185,5,4,2,,175,,14:00.9,38.040013,-78.492361,0101000020E6100000DB34B6D7829F53C01A355F251F054340
876436,1503,4628659,Entire home/apt,United States,Charlottesville,,Fifeville,154,5,2,1,,159,,14:00.9,38.029803,-78.4914,0101000020E61000004850FC18739F53C04E29AF95D0034340
4024562,1503,15139610,Entire home/apt,United States,Charlottesville,,Barracks/Rugby,0,0,4,2,,136,,13:59.7,38.048887,-78.494272,0101000020E610000006D50627A29F53C08B19E1ED41064340
13058556,1503,41399220,Entire home/apt,United States,Charlottesville,,North Downtown,5,5,2,1,,129,,13:59.7,38.03212,-78.482961,0101000020E6100000950F41D5E89E53C015C616821C044340
7723867,1503,40584413,Entire home/apt,United States,Charlottesville,,Barracks/Rugby,8,5,2,2,,125,,13:59.7,38.048863,-78.486793,0101000020E6100000FEBAD39D279F53C0027E8D2441064340
5847100,1503,30356878,Entire home/apt,United States,Charlottesville,,Woolen Mills,29,4.5,6,3,,130,,13:59.7,38.028296,-78.461587,0101000020E61000008F5033A48A9D53C0C64D0D349F034340
164672,1503,785295,Entire home/apt,United States,Charlottesville,,Greenbrier,14,4.5,2,1,,125,,13:59.7,38.061409,-78.474643,0101000020E61000009F91088D609E53C00C570740DC074340
12904386,1503,70705949,Entire home/apt,United States,Charlottesville,,Jefferson Park Avenue,22,5,4,1,,140,,13:59.7,38.027832,-78.509944,0101000020E6100000A7B228ECA2A053C021E4BCFF8F034340
12338758,1503,66588823,Entire home/apt,United States,Charlottesville,,Fry's Spring,27,5,5,3,,125,,13:59.7,38.017651,-78.510667,0101000020E61000005F09A4C4AEA053C0F0DE516342024340
12520212,1503,16668150,Entire home/apt,United States,Charlottesville,,Barracks/Rugby,9,5,6,2,,130,,13:58.2,38.046143,-78.481905,0101000020E6100000D9B11188D79E53C03CF88903E8054340
9708611,1503,22479324,Entire home/apt,United States,Charlottesville,,Martha Jefferson,21,5,5,3,,125,,13:58.2,38.029542,-78.469005,0101000020E6100000452A8C2D049E53C0E1ED4108C8034340
9985512,1503,28226647,Entire home/apt,United States,Charlottesville,,Locust Grove,30,5,2,0,,125,,13:58.2,38.040739,-78.469099,0101000020E610000086E5CFB7059E53C0FC5580EF36054340
22606,1503,57802,Entire home/apt,United States,Charlottesville,,Woolen Mills,32,5,5,3,,140,,13:58.2,38.028627,-78.463954,0101000020E61000004C361E6CB19D53C02C64AE0CAA034340
13058472,1503,41399220,Entire home/apt,United States,Charlottesville,,North Downtown,16,5,2,1,,129,,13:58.2,38.030696,-78.481313,0101000020E6100000F0880AD5CD9E53C01B0FB6D8ED034340
6922178,1503,9499711,Entire home/apt,United States,Charlottesville,,Locust Grove,12,5,4,1,,125,,13:58.2,38.044648,-78.455569,0101000020E61000009204E10A289D53C079EA9106B7054340
18616023,1503,9227331,Entire home/apt,United States,Charlottesville,,Ridge Street,4,5,3,2,,130,,13:58.2,38.024623,-78.481384,0101000020E61000005534D6FECE9E53C05DDDB1D826034340
13712453,1503,80080872,Entire home/apt,United States,Charlottesville,,Belmont,55,5,6,3,,135,,13:58.2,38.016926,-78.472859,0101000020E6100000A2276552439E53C0DE3994A12A024340
17238349,1503,12616806,Entire home/apt,United States,Charlottesville,,Woolen Mills,7,5,4,2,,140,,13:58.2,38.025033,-78.46229,0101000020E610000024D1CB28969D53C00F29064834034340
13023278,1503,13709855,Entire home/apt,United States,Charlottesville,,Ridge Street,47,5,8,3,,133,,13:58.2,38.022429,-78.488014,0101000020E61000005F7F129F3B9F53C0B2BD16F4DE024340
1003718,1503,4780862,Entire home/apt,United States,Charlottesville,,Rose Hill,154,5,4,2,,135,,13:58.2,38.040757,-78.488112,0101000020E610000040321D3A3D9F53C0A20A7F8637054340
15480263,1503,12607676,Entire home/apt,United States,Charlottesville,,Jefferson Park Avenue,35,5,4,3,,133,,13:58.2,38.028516,-78.505556,0101000020E6100000FB928D075BA053C0D5B48B69A6034340
774005,1503,2626757,Entire home/apt,United States,Charlottesville,,Fifeville,131,5,7,2,,130,,13:58.1,38.029046,-78.493515,0101000020E61000007845F0BF959F53C0310A82C7B7034340
17210204,1503,6065322,Entire home/apt,United States,Charlottesville,,Ridge Street,25,5,4,1,,130,,13:58.1,38.025534,-78.48166,0101000020E6100000A6F27684D39E53C0D177B7B244034340
18765136,1503,10858190,Entire home/apt,United States,Charlottesville,,North Downtown,2,0,2,1,,135,,13:58.1,38.033631,-78.479973,0101000020E6100000A27DACE0B79E53C0DE9046054E044340
18140561,1503,27798059,Entire home/apt,United States,Charlottesville,,Belmont,0,0,3,2,,128,,13:58.1,38.020328,-78.474543,0101000020E6100000ED629AE95E9E53C0B7989F1B9A024340
11292345,1503,50999512,Entire home/apt,United States,Charlottesville,,Belmont,75,5,2,1,,112,,13:57.0,38.023557,-78.47527,0101000020E610000046B1DCD26A9E53C0C24B70EA03034340
15267062,1503,97110246,Entire home/apt,United States,Charlottesville,,North Downtown,68,5,2,0,,100,,13:57.0,38.030364,-78.482501,0101000020E610000063D2DF4BE19E53C0E57CB1F7E2034340
15599727,1503,50999512,Entire home/apt,United States,Charlottesville,,Belmont,36,5,2,1,,120,,13:57.0,38.023517,-78.476858,0101000020E610000080B56AD7849E53C034F3E49A02034340
6431316,1503,29755332,Entire home/apt,United States,Charlottesville,,Belmont,41,4.5,4,2,,119,,13:57.0,38.024444,-78.47941,0101000020E610000006D847A7AE9E53C0AE4A22FB20034340
15608335,1503,50999512,Entire home/apt,United States,Charlottesville,,Belmont,26,5,2,1,,115,,13:57.0,38.023189,-78.474666,0101000020E61000007BA180ED609E53C040506EDBF7024340
12952859,1503,71098021,Entire home/apt,United States,Charlottesville,,Jefferson Park Avenue,2,0,6,3,,120,,13:57.0,38.023832,-78.521671,0101000020E61000006211C30E63A153C0944C4EED0C034340
5969582,1503,4513280,Entire home/apt,United States,Charlottesville,,Lewis Mtn,27,5,2,1,,120,,13:57.0,38.040996,-78.514705,0101000020E61000009D853DEDF0A053C027A25F5B3F054340
12683942,1503,68930080,Entire home/apt,United States,Charlottesville,,Jefferson Park Avenue,17,4,8,3,,117,,13:55.4,38.026387,-78.515262,0101000020E6100000C8B7770DFAA053C0100533A660034340
13001572,1503,22923339,Entire home/apt,United States,Charlottesville,,Ridge Street,11,5,4,2,,106,,13:55.4,38.0232,-78.482377,0101000020E6100000EDD5C743DF9E53C034A2B437F8024340
11487994,1503,1211743,Entire home/apt,United States,Charlottesville,,Fifeville,37,4.5,4,1,,115,,13:55.4,38.028282,-78.490519,0101000020E610000044C4CDA9649F53C061889CBE9E034340
5150738,1503,17117305,Entire home/apt,United States,Charlottesville,,Barracks/Rugby,29,5,4,0,,110,,13:55.4,38.043899,-78.490749,0101000020E6100000DC627E6E689F53C0DFA9807B9E054340
5850740,1503,29755332,Entire home/apt,United States,Charlottesville,,Belmont,60,4.5,4,2,,116,,13:55.4,38.023601,-78.48056,0101000020E610000002F1BA7EC19E53C09293895B05034340
18337838,1503,1896408,Entire home/apt,United States,Charlottesville,,Fry's Spring,15,5,4,1,,106,,13:55.4,38.011809,-78.513717,0101000020E61000008D9944BDE0A053C0346612F582014340
2362020,1503,2373334,Entire home/apt,United States,Charlottesville,,Belmont,15,5,4,2,,110,,13:55.4,38.019242,-78.48007,0101000020E61000009B728577B99E53C0D55A988576024340
3730726,1503,19064086,Entire home/apt,United States,Charlottesville,,Fry's Spring,88,5,2,1,,112,,13:55.3,38.018106,-78.51687,0101000020E61000002592E86514A153C042EE224C51024340
14762104,1503,3769819,Entire home/apt,United States,Charlottesville,,Ridge Street,24,5,4,1,,120,,13:55.3,38.021172,-78.484146,0101000020E61000004F1F813FFC9E53C0A3CB9BC3B5024340
18073985,1503,53445857,Entire home/apt,United States,Charlottesville,,Fifeville,1,0,2,1,,120,,13:55.3,38.021552,-78.499438,0101000020E61000004C18CDCAF69F53C0EA944737C2024340
6391242,1503,32724703,Entire home/apt,United States,Charlottesville,,Fifeville,83,5,2,1,,110,,13:55.3,38.02846,-78.50085,0101000020E6100000E78C28ED0DA053C0419FC893A4034340
3997007,1503,20722045,Entire home/apt,United States,Charlottesville,,Belmont,37,5,4,2,,110,,13:53.9,38.022753,-78.473062,0101000020E6100000BEBED6A5469E53C06571FF91E9024340
6356573,1503,33114914,Entire home/apt,United States,Charlottesville,,Belmont,61,4.5,4,2,,119,,13:53.9,38.024979,-78.475577,0101000020E6100000B56E83DA6F9E53C01C0B0A8332034340
12284338,1503,39358864,Entire home/apt,United States,Charlottesville,,North Downtown,14,5,4,2,,113,,13:53.9,38.036655,-78.478664,0101000020E61000007171546EA29E53C0111E6D1CB1044340
19677430,1503,9515062,Entire home/apt,United States,Charlottesville,,Locust Grove,0,0,5,3,,120,,13:53.9,38.040641,-78.471626,0101000020E61000005F7CD11E2F9E53C039F06AB933054340
15757452,1503,101871210,Entire home/apt,United States,Charlottesville,,Martha Jefferson,34,5,5,1,,110,,13:53.9,38.035832,-78.469782,0101000020E6100000F78F85E8109E53C03C139A2496044340
1497051,1503,8000437,Entire home/apt,United States,Charlottesville,,Belmont,211,4.5,3,2,,115,,13:53.9,38.022657,-78.476542,0101000020E6100000E84A04AA7F9E53C04303B16CE6024340
9212680,1503,45859106,Entire home/apt,United States,Charlottesville,,Ridge Street,104,5,4,1,,114,,13:53.9,38.022185,-78.49009,0101000020E61000002F8672A25D9F53C01BBB44F5D6024340
8497015,1503,19198565,Entire home/apt,United States,Charlottesville,,Fry's Spring,48,5,2,1,,116,,13:53.9,38.02557,-78.512478,0101000020E6100000D97A8670CCA053C01EE1B4E045034340
18601797,1503,88378487,Entire home/apt,United States,Charlottesville,,Johnson Village,12,5,3,1,,105,,13:53.9,38.017453,-78.500994,0101000020E6100000815F234910A053C0CA1B60E63B024340
17975683,1503,55461113,Entire home/apt,United States,Charlottesville,,Starr Hill,27,5,2,1,,115,,13:53.9,38.031181,-78.490863,0101000020E610000041F4A44C6A9F53C0D7A02FBDFD034340
17284213,1503,97110246,Entire home/apt,United States,Charlottesville,,North Downtown,43,5,2,0,,105,,13:53.9,38.029536,-78.483303,0101000020E6100000C2C3B46FEE9E53C0FF06EDD5C7034340
9920130,1503,50999512,Entire home/apt,United States,Charlottesville,,Belmont,64,5,2,1,,115,,13:53.9,38.024649,-78.476485,0101000020E61000003602F1BA7E9E53C08670CCB227034340
3455272,1503,10398624,Entire home/apt,United States,Charlottesville,,Fifeville,183,5,2,0,,110,,13:53.9,38.029814,-78.487963,0101000020E61000001DAA29C93A9F53C0427BF5F1D0034340
8352984,1503,44027416,Entire home/apt,United States,Charlottesville,,Locust Grove,27,5,2,1,,85,,13:52.1,38.039473,-78.460477,0101000020E6100000DAE38574789D53C09A0986730D054340
1300790,1503,1211743,Entire home/apt,United States,Charlottesville,,Fifeville,146,5,3,1,,95,,13:52.1,38.030224,-78.493155,0101000020E6100000F836FDD98F9F53C0F3C64961DE034340
16788993,1503,97110246,Entire home/apt,United States,Charlottesville,,North Downtown,22,5,2,0,,100,,13:52.0,38.030325,-78.482742,0101000020E6100000F699B33EE59E53C027A089B0E1034340
14556575,1503,44027416,Entire home/apt,United States,Charlottesville,,Locust Grove,8,4.5,4,2,,100,,13:52.0,38.0368,-78.460969,0101000020E610000012DE1E84809D53C0143FC6DCB5044340
884628,1503,4686088,Entire home/apt,United States,Charlottesville,,Martha Jefferson,2,0,2,1,,90,,13:52.0,38.032438,-78.468506,0101000020E6100000B5FE9600FC9D53C0E692AAED26044340
6232114,1503,32335342,Entire home/apt,United States,Charlottesville,,Fry's Spring,21,5,3,0,,95,,13:52.0,38.017982,-78.508728,0101000020E6100000CFA3E2FF8EA053C056F5F23B4D024340
2291097,1503,11568818,Entire home/apt,United States,Charlottesville,,Fry's Spring,23,4,2,1,,98,,13:52.0,38.014004,-78.502969,0101000020E6100000B779E3A430A053C0B00111E2CA014340
18774743,1503,22627994,Entire home/apt,United States,Charlottesville,,Barracks Road,3,3.5,4,2,,100,,13:52.0,38.051111,-78.508672,0101000020E6100000051901158EA053C0A1BB24CE8A064340
7705903,1503,40480333,Entire home/apt,United States,Charlottesville,,Fry's Spring,117,4.5,4,2,,100,,13:52.0,38.025394,-78.512449,0101000020E61000008CF7E3F6CBA053C0DFC14F1C40034340
6004807,1503,30385264,Entire home/apt,United States,Charlottesville,,Belmont,29,5,4,2,,99,,13:52.0,38.020973,-78.469398,0101000020E6100000B3B3E89D0A9E53C0AC8C463EAF024340
19912330,1503,54973513,Entire home/apt,United States,Charlottesville,,Fry's Spring,0,0,3,1,,90,,13:52.0,38.022048,-78.516549,0101000020E6100000047289230FA153C09A780778D2024340
12190513,1503,49300279,Entire home/apt,United States,Charlottesville,,Fry's Spring,39,5,2,0,,99,,13:52.0,38.01545,-78.515368,0101000020E6100000EA5910CAFBA053C0925CFE43FA014340
18527883,1503,114090847,Entire home/apt,United States,Charlottesville,,Venable,3,4.5,2,1,,85,,13:52.0,38.035653,-78.494842,0101000020E6100000FCABC77DAB9F53C08D800A4790044340
19119372,1503,111268680,Entire home/apt,United States,Charlottesville,,Barracks Road,10,5,2,1,,95,,13:51.0,38.050889,-78.505554,0101000020E61000002B172AFF5AA053C0F25CDF8783064340
12710108,1503,9353072,Entire home/apt,United States,Charlottesville,,Barracks/Rugby,12,5,5,2,,100,,13:51.0,38.046423,-78.481803,0101000020E6100000570740DCD59E53C01F645930F1054340
17684163,1503,10456115,Entire home/apt,United States,Charlottesville,,Belmont,6,5,6,2,,99,,13:51.0,38.017005,-78.483443,0101000020E6100000BA9EE8BAF09E53C02A6F47382D024340
16585621,1503,43963781,Entire home/apt,United States,Charlottesville,,Ridge Street,33,5,3,1,,89,,13:50.9,38.0192,-78.494084,0101000020E6100000855E7F129F9F53C0A60A462575024340
1472187,1503,1607528,Entire home/apt,United States,Charlottesville,,Locust Grove,73,5,2,1,,95,,13:50.9,38.04546,-78.463262,0101000020E6100000B1DEA815A69D53C059A31EA2D1054340
8247519,1503,2790955,Entire home/apt,United States,Charlottesville,,Johnson Village,112,5,4,2,,90,,13:50.9,38.023643,-78.504711,0101000020E61000009DBB5D2F4DA053C0C1E3DBBB06034340
13700617,1503,76012521,Entire home/apt,United States,Charlottesville,,Fry's Spring,100,5,4,1,,85,,13:50.9,38.013307,-78.516887,0101000020E6100000902E36AD14A153C068E7340BB4014340
16505420,1503,28185239,Entire home/apt,United States,Charlottesville,,Ridge Street,19,5,4,1,,90,,13:50.9,38.023362,-78.488432,0101000020E610000079944A78429F53C00DFCA886FD024340
18736650,1503,24107250,Entire home/apt,United States,Charlottesville,,Belmont,8,5,6,2,,85,,13:50.9,38.016118,-78.477265,0101000020E6100000A1A17F828B9E53C03F70952710024340
19529455,1503,7053776,Entire home/apt,United States,Charlottesville,,Locust Grove,0,0,4,2,,85,,13:50.9,38.043406,-78.455471,0101000020E6100000B151D66F269D53C09F39EB538E054340
18214789,1503,7201775,Entire home/apt,United States,Charlottesville,,North Downtown,3,5,3,1,,80,,13:50.9,38.034804,-78.478131,0101000020E61000000B0DC4B2999E53C08FE21C7574044340
15544594,1503,68677700,Entire home/apt,United States,Charlottesville,,North Downtown,35,4.5,6,3,,99,,13:50.9,38.036822,-78.473446,0101000020E6100000029B73F04C9E53C0FCE25295B6044340
14237575,1503,85751532,Entire home/apt,United States,Charlottesville,,Locust Grove,28,4.5,4,1,,95,,13:49.9,38.041613,-78.472755,0101000020E61000005001309E419E53C0520B259353054340
3218982,1503,2006728,Entire home/apt,United States,Charlottesville,,Locust Grove,64,5,2,1,,98,,13:49.9,38.039717,-78.466018,0101000020E61000003B56293DD39D53C0310C587215054340
17762204,1503,121223699,Entire home/apt,United States,Charlottesville,,Belmont,14,4.5,2,0,,92,,13:49.9,38.024695,-78.479865,0101000020E6100000AF5FB01BB69E53C0F7AFAC3429034340
4887471,1503,25144630,Entire home/apt,United States,Charlottesville,,Fifeville,96,5,4,1,,85,,13:49.9,38.023277,-78.499809,0101000020E6100000C64FE3DEFC9F53C0DFDFA0BDFA024340
10983225,1503,29442709,Entire home/apt,United States,Charlottesville,,Belmont,77,5,2,0,,90,,13:49.9,38.020722,-78.475945,0101000020E6100000766C04E2759E53C06327BC04A7024340
4391817,1503,19466929,Entire home/apt,United States,Charlottesville,,Belmont,168,5,4,2,,100,,13:49.9,38.023975,-78.480761,0101000020E61000004E0CC9C9C49E53C0F775E09C11034340
6015460,1503,31221219,Entire home/apt,United States,Charlottesville,,Barracks/Rugby,47,5,2,0,,100,,13:49.9,38.052512,-78.490942,0101000020E6100000E78EFE976B9F53C0E35295B6B8064340
17337587,1503,16414354,Entire home/apt,United States,Charlottesville,,Belmont,20,5,4,1,,95,,13:49.9,38.026242,-78.473139,0101000020E610000094DDCCE8479E53C00DE4D9E55B034340
5895146,1503,7802574,Entire home/apt,United States,Charlottesville,,Barracks Road,22,4.5,6,2,,100,,13:49.9,38.050882,-78.507195,0101000020E6100000766C04E275A053C040FA264D83064340
13680171,1503,50816348,Entire home/apt,United States,Charlottesville,,Belmont,71,5,2,1,,85,,13:49.9,38.026068,-78.476949,0101000020E610000009371955869E53C06FBC3B3256034340
8569777,1503,44849771,Entire home/apt,United States,Charlottesville,,Belmont,116,5,2,1,,95,,13:49.9,38.024387,-78.473044,0101000020E61000006B64575A469E53C049B9FB1C1F034340
98084,1503,501339,Entire home/apt,United States,Charlottesville,,North Downtown,98,5,2,1,,92,,13:49.9,38.035243,-78.479758,0101000020E6100000A4FFE55AB49E53C0DB34B6D782044340
4693831,1503,7320404,Entire home/apt,United States,Charlottesville,,Barracks/Rugby,126,5,2,1,,95,,13:49.9,38.048711,-78.492819,0101000020E61000003CF6B3588A9F53C04CFA7B293C064340
19806418,1503,97110246,Entire home/apt,United States,Charlottesville,,North Downtown,0,0,1,0,,90,,13:49.9,38.029773,-78.483071,0101000020E610000058A9A0A2EA9E53C0E3A6069ACF034340
15422219,1503,98838371,Entire home/apt,United States,Charlottesville,,North Downtown,95,5,4,1,,99,,13:49.9,38.03231,-78.480771,0101000020E61000006077BAF3C49E53C0B9AAECBB22044340
19642280,1503,22758779,Entire home/apt,United States,Charlottesville,,Belmont,0,0,4,3,,75,,13:49.0,38.014095,-78.483152,0101000020E6100000CFBF5DF6EB9E53C0C0046EDDCD014340
12986957,1503,60512578,Entire home/apt,United States,Charlottesville,,Barracks Road,1,0,2,1,,80,,13:49.0,38.048702,-78.505275,0101000020E6100000211FF46C56A053C0F99FFCDD3B064340
10696372,1503,25701530,Entire home/apt,United States,Charlottesville,,Martha Jefferson,0,0,4,2,,70,,13:49.0,38.027741,-78.466659,0101000020E610000095D8B5BDDD9D53C011E15F048D034340
666284,1503,1211743,Entire home/apt,United States,Charlottesville,,Fifeville,54,4.5,6,2,,79,,13:49.0,38.028592,-78.490807,0101000020E61000007769C361699F53C0B07614E7A8034340
15038321,1503,94991626,Entire home/apt,United States,Charlottesville,,Barracks/Rugby,10,4.5,2,0,,70,,13:49.0,38.048484,-78.489068,0101000020E61000004A61DEE34C9F53C08C3045B934064340
4383610,1503,22758779,Entire home/apt,United States,Charlottesville,,Fry's Spring,4,4.5,3,2,,75,,13:49.0,38.018502,-78.508928,0101000020E61000003201BF4692A053C08E7406465E024340
18359998,1503,74631036,Entire home/apt,United States,Charlottesville,,Barracks Road,4,4.5,5,2,,80,,13:47.9,38.049399,-78.507156,0101000020E6100000177E703E75A053C041BAD8B452064340
6194945,1503,32125989,Entire home/apt,United States,Charlottesville,,Johnson Village,53,4.5,3,1,,80,,13:47.9,38.01968,-78.500932,0101000020E6100000466117450FA053C05131CEDF84024340
13295951,1503,75053667,Private room,United States,Charlottesville,,Martha Jefferson,26,5,4,1,,100,,13:25.0,38.026834,-78.468007,0101000020E610000024D3A1D3F39D53C0DF35E84B6F034340
13605308,1503,40717776,Private room,United States,Charlottesville,,10th & Page,35,5,2,1,,85,,13:25.0,38.034679,-78.491241,0101000020E6100000145D177E709F53C0D26D895C70044340
4309322,1503,22265093,Private room,United States,Charlottesville,,Martha Jefferson,111,5,2,1,,84,,13:25.0,38.034349,-78.467891,0101000020E6100000EFC517EDF19D53C03DD34B8C65044340
5614656,1503,26418570,Private room,United States,Charlottesville,,Fry's Spring,46,5,4,1,,85,,13:25.0,38.011673,-78.512481,0101000020E610000091B41B7DCCA053C0849F38807E014340
19633898,1503,137491506,Private room,United States,Charlottesville,,North Downtown,3,5,2,1,,90,,13:25.0,38.029944,-78.480198,0101000020E6100000B2666490BB9E53C0105B7A34D5034340
2591146,1503,7320404,Private room,United States,Charlottesville,,Venable,175,5,2,1,,85,,13:25.0,38.046855,-78.500168,0101000020E61000005EA0A4C002A053C0B9533A58FF054340
1382827,1503,6493764,Private room,United States,Charlottesville,,Locust Grove,31,5,2,1,,90,,13:24.9,38.044667,-78.470952,0101000020E6100000177FDB13249E53C0EF1AF4A5B7054340
15310376,1503,17274235,Private room,United States,Charlottesville,,Fry's Spring,2,0,2,1,,69,,13:24.0,38.01467,-78.500963,0101000020E610000063601DC70FA053C0BD1DE1B4E0014340
19163108,1503,57914113,Private room,United States,Charlottesville,,Ridge Street,0,0,5,1,,75,,13:24.0,38.017646,-78.492354,0101000020E610000082035ABA829F53C0DE73603942024340
3061458,1503,10078633,Private room,United States,Charlottesville,,Woolen Mills,18,4.5,2,1,,70,,13:24.0,38.02894,-78.462481,0101000020E61000005E81E849999D53C0EBC5504EB4034340
10453026,1503,7000025,Private room,United States,Charlottesville,,North Downtown,0,0,1,1,,75,,13:24.0,38.038832,-78.470015,0101000020E61000004968CBB9149E53C0E6046D72F8044340
7872816,1503,41490673,Private room,United States,Charlottesville,,Fifeville,5,5,2,1,,65,,13:24.0,38.029251,-78.496007,0101000020E610000093E52494BE9F53C00A302C7FBE034340
11018731,1503,21061555,Private room,United States,Charlottesville,,Ridge Street,23,5,4,1,,64,,13:24.0,38.014381,-78.498927,0101000020E6100000D905836BEE9F53C08657923CD7014340
3061401,1503,10078633,Private room,United States,Charlottesville,,Woolen Mills,32,5,2,1,,70,,13:23.3,38.028647,-78.462323,0101000020E6100000124C35B3969D53C0731074B4AA034340
15310140,1503,17274235,Private room,United States,Charlottesville,,Ridge Street,2,0,2,1,,69,,13:23.3,38.014634,-78.49911,0101000020E6100000D2C6116BF19F53C070B4E386DF014340
13506768,1503,35595314,Private room,United States,Charlottesville,,Johnson Village,13,5,2,1,,63,,13:23.3,38.02176,-78.503876,0101000020E6100000514F1F813FA053C0342E1C08C9024340
19163635,1503,57914113,Private room,United States,Charlottesville,,Ridge Street,1,0,5,1,,75,,13:23.3,38.018005,-78.493662,0101000020E6100000CA518028989F53C00E15E3FC4D024340
13623251,1503,1217964,Private room,United States,Charlottesville,,Belmont,1,0,2,1,,75,,13:23.3,38.020273,-78.480458,0101000020E61000008046E9D2BF9E53C0F4FE3F4E98024340
1601402,1503,8531592,Private room,United States,Charlottesville,,Fifeville,150,4.5,2,1,,80,,13:23.3,38.030234,-78.488672,0101000020E6100000239EEC66469F53C0179D2CB5DE034340
6436774,1503,12123986,Private room,United States,Charlottesville,,Belmont,15,5,2,1,,75,,13:23.3,38.019762,-78.474452,0101000020E610000065E1EB6B5D9E53C00EDAAB8F87024340
12056699,1503,64579160,Private room,United States,Charlottesville,,Johnson Village,23,5,3,0,,80,,13:23.3,38.020965,-78.500337,0101000020E6100000A4FE7A8505A053C029AE2AFBAE024340
9323788,1503,13647121,Private room,United States,Charlottesville,,Barracks/Rugby,39,5,4,1,,75,,13:23.3,38.052296,-78.488106,0101000020E6100000CFBEF2203D9F53C016DBA4A2B1064340
486897,1503,2409680,Private room,United States,Charlottesville,,Johnson Village,107,4.5,2,1,,65,,13:23.3,38.021892,-78.501476,0101000020E6100000A6EECA2E18A053C0A305685BCD024340
9973995,1503,41490673,Private room,United States,Charlottesville,,Fifeville,25,5,2,1,,70,,13:22.3,38.028016,-78.49495,0101000020E6100000EFC9C342AD9F53C0E3E13D0796034340
18224672,1503,53445857,Private room,United States,Charlottesville,,Johnson Village,6,5,2,1,,75,,13:22.3,38.018923,-78.501554,0101000020E610000064CBF27519A053C03412A1116C024340
7756082,1503,3661541,Private room,United States,Charlottesville,,Martha Jefferson,45,5,2,1,,65,,13:22.3,38.033041,-78.469148,0101000020E6100000F73E5585069E53C0AC36FFAF3A044340
17246491,1503,4336327,Private room,United States,Charlottesville,,Starr Hill,4,5,2,1,,65,,13:22.3,38.031316,-78.490628,0101000020E61000001FA0FB72669F53C0B7EBA52902044340
17460536,1503,118232456,Private room,United States,Charlottesville,,Fry's Spring,11,4.5,2,1,,70,,13:22.2,38.020684,-78.511001,0101000020E61000004ACE893DB4A053C076C6F7C5A5024340
7243902,1503,6913030,Private room,United States,Charlottesville,,10th & Page,33,5,2,1,,62,,13:22.2,38.031901,-78.493194,0101000020E61000005725917D909F53C0D7DAFB5415044340
4333825,1503,6340647,Private room,United States,Charlottesville,,Locust Grove,40,4.5,3,1,,70,,13:22.2,38.043189,-78.464701,0101000020E6100000C95A43A9BD9D53C00246973787054340
3721138,1503,1415002,Private room,United States,Charlottesville,,Belmont,130,4.5,2,1,,62,,13:22.2,38.020488,-78.475846,0101000020E6100000ADFBC742749E53C0F0FACC599F024340
1948995,1503,10078633,Private room,United States,Charlottesville,,Woolen Mills,39,4.5,2,1,,70,,13:22.2,38.028644,-78.464489,0101000020E610000083161230BA9D53C0029D499BAA034340
362632,1503,1814153,Private room,United States,Charlottesville,,Martha Jefferson,196,5,2,1,,70,,13:22.2,38.034259,-78.467454,0101000020E61000009A982EC4EA9D53C0FD4B529962044340
6106699,1503,20781680,Private room,United States,Charlottesville,,North Downtown,90,5,2,1,,69,,13:22.2,38.035631,-78.470624,0101000020E61000009D2D20B41E9E53C0A5DC7D8E8F044340
18665941,1503,91335186,Entire home/apt,United States,Charlottesville,,Belmont,1,0,8,3,,600,,14:15.2,38.025012,-78.476737,0101000020E6100000C3F2E7DB829E53C0F700DD9733034340
18041128,1503,42420463,Entire home/apt,United States,Charlottesville,,Woolen Mills,5,5,9,5,,600,,14:15.2,38.024262,-78.461916,0101000020E6100000F25F2008909D53C08D4468041B034340
17857674,1503,24936886,Entire home/apt,United States,Charlottesville,,Venable,0,0,4,2,,404,,14:14.1,38.047996,-78.495273,0101000020E6100000E065868DB29F53C05E2BA1BB24064340
10789428,1503,16087194,Entire home/apt,United States,Charlottesville,,Johnson Village,1,0,6,3,,500,,14:14.1,38.021471,-78.509591,0101000020E610000080D591239DA053C0FD67CD8FBF024340
1861006,1503,5597919,Entire home/apt,United States,Charlottesville,,Belmont,20,5,6,3,,350,,14:14.1,38.020508,-78.482361,0101000020E61000006AF7AB00DF9E53C037A79201A0024340
4170618,1503,11494082,Entire home/apt,United States,Charlottesville,,Lewis Mtn,23,5,6,3,,395,,14:13.0,38.039586,-78.511033,0101000020E6100000508BC1C3B4A053C092B06F2711054340
11389409,1503,9543019,Entire home/apt,United States,Charlottesville,,North Downtown,0,0,7,4,,450,,14:13.0,38.041312,-78.478195,0101000020E6100000168733BF9A9E53C057772CB649054340
898058,1503,4791446,Entire home/apt,United States,Charlottesville,,Fifeville,7,5,6,3,,500,,14:13.0,38.03121,-78.493353,0101000020E61000008B187618939F53C072A774B0FE034340
12511793,1503,10041340,Entire home/apt,United States,Charlottesville,,Locust Grove,0,0,7,4,,350,,14:13.0,38.041182,-78.467042,0101000020E6100000F1F62004E49D53C08997A77345054340
18124252,1503,15141524,Entire home/apt,United States,Charlottesville,,Ridge Street,2,0,5,3,,365,,14:13.0,38.023513,-78.48301,0101000020E61000000569C6A2E99E53C0F303577902034340
17926903,1503,122925265,Entire home/apt,United States,Charlottesville,,10th & Page,0,0,9,4,,400,,14:13.0,38.037487,-78.491886,0101000020E61000000ED76A0F7B9F53C03883BF5FCC044340
17529788,1503,41147294,Entire home/apt,United States,Charlottesville,,Greenbrier,1,0,6,3,,400,,14:13.0,38.061073,-78.475794,0101000020E61000008368AD68739E53C095D5743DD1074340
18958343,1503,132199293,Entire home/apt,United States,Charlottesville,,Fifeville,0,0,4,2,,325,,14:13.0,38.028688,-78.487386,0101000020E6100000CFA10C55319F53C0D2E4620CAC034340
402066,1503,2006728,Entire home/apt,United States,Charlottesville,,Locust Grove,3,5,4,2,,375,,14:11.0,38.040405,-78.465067,0101000020E6100000BADC60A8C39D53C025CCB4FD2B054340
2729904,1503,13755553,Entire home/apt,United States,Charlottesville,,Martha Jefferson,25,5,8,3,,500,,14:11.0,38.029842,-78.469486,0101000020E610000083FB010F0C9E53C00C06D7DCD1034340
17285318,1503,27467703,Entire home/apt,United States,Charlottesville,,Fifeville,0,0,9,3,,500,,14:11.0,38.029819,-78.488981,0101000020E610000062D7F6764B9F53C054E6E61BD1034340
18021210,1503,17274235,Entire home/apt,United States,Charlottesville,,Johnson Village,4,5,10,4,,325,,14:11.0,38.016441,-78.50072,0101000020E6100000001DE6CB0BA053C022A81ABD1A024340
18614805,1503,96024459,Entire home/apt,United States,Charlottesville,,Fifeville,1,0,6,2,,400,,14:11.0,38.030531,-78.491005,0101000020E61000000A4B3CA06C9F53C0D1419770E8034340
2410726,1503,3027151,Entire home/apt,United States,Charlottesville,,Fry's Spring,70,5,10,4,,450,,14:11.0,38.014887,-78.50908,0101000020E61000000DC347C494A053C05A1135D1E7014340
496282,1503,2451667,Entire home/apt,United States,Charlottesville,,North Downtown,57,5,10,4,,325,,14:11.0,38.035689,-78.476392,0101000020E6100000DE04DF347D9E53C0D9E9077591044340
16885224,1503,7511519,Entire home/apt,United States,Charlottesville,,Belmont,11,5,8,3,,321,,14:11.0,38.016785,-78.483136,0101000020E61000004CE141B3EB9E53C01C08C90226024340
16803613,1503,50999512,Entire home/apt,United States,Charlottesville,,Belmont,0,0,10,5,,375,,14:11.0,38.02437,-78.474702,0101000020E610000021567F84619E53C07380608E1E034340
8343548,1503,27572464,Entire home/apt,United States,Charlottesville,,Ridge Street,37,5,6,4,,385,,14:11.0,38.025059,-78.489922,0101000020E6100000D2E5CDE15A9F53C038BC202235034340
5954234,1503,16087194,Entire home/apt,United States,Charlottesville,,Fifeville,37,5,6,3,,490,,14:11.0,38.02879,-78.491635,0101000020E61000006AA4A5F2769F53C0D6390664AF034340
19796446,1503,58240035,Entire home/apt,United States,Charlottesville,,Starr Hill,0,0,8,3,,400,,14:11.0,38.032147,-78.48989,0101000020E6100000CC28965B5A9F53C00FD594641D044340
14932235,1503,41399220,Entire home/apt,United States,Charlottesville,,Fifeville,16,5,8,4,,381,,14:11.0,38.029587,-78.495655,0101000020E610000054C6BFCFB89F53C081B1BE81C9034340
18254761,1503,86606993,Entire home/apt,United States,Charlottesville,,Barracks/Rugby,3,5,6,3,,333,,14:11.0,38.046021,-78.485336,0101000020E610000093E4B9BE0F9F53C0F1F62004E4054340
14126304,1503,85191621,Entire home/apt,United States,Charlottesville,,Belmont,20,5,8,4,,360,,14:11.0,38.023884,-78.480711,0101000020E6100000F5F411F8C39E53C0E77283A10E034340
15911472,1503,103212070,Entire home/apt,United States,Charlottesville,,North Downtown,12,4.5,6,4,,399,,14:10.9,38.031652,-78.478339,0101000020E6100000B0592E1B9D9E53C02F6D382C0D044340
4474414,1503,23215196,Entire home/apt,United States,Charlottesville,,Fifeville,0,0,3,3,,300,,14:09.8,38.028577,-78.499644,0101000020E610000021E9D32AFA9F53C07A354069A8034340
17546107,1503,49543163,Entire home/apt,United States,Charlottesville,,Belmont,0,0,4,2,,250,,14:09.8,38.027044,-78.474832,0101000020E610000009C6C1A5639E53C0C9C6832D76034340
81577,1503,150622,Entire home/apt,United States,Charlottesville,,Locust Grove,47,4.5,4,2,,239,,14:08.8,38.049694,-78.454223,0101000020E6100000D38558FD119D53C05A677C5F5C064340
19283298,1503,64835331,Entire home/apt,United States,Charlottesville,,Fry's Spring,0,0,8,4,,249,,14:08.8,38.015853,-78.506915,0101000020E610000085B69C4B71A053C091459A7807024340
15001863,1503,28185239,Entire home/apt,United States,Charlottesville,,Ridge Street,5,5,6,2,,295,,14:08.7,38.022924,-78.489974,0101000020E6100000FB78E8BB5B9F53C09225732CEF024340
12882125,1503,10015124,Entire home/apt,United States,Charlottesville,,Greenbrier,0,0,2,0,,300,,14:08.7,38.062717,-78.478213,0101000020E610000069E1B20A9B9E53C09DF3531C07084340
12724147,1503,24936886,Entire home/apt,United States,Charlottesville,,Barracks/Rugby,1,0,2,1,,231,,14:08.7,38.045126,-78.488286,0101000020E61000000F46EC13409F53C0831953B0C6054340
13531539,1503,77790081,Entire home/apt,United States,Charlottesville,,Fifeville,0,0,11,4,,250,,14:08.7,38.028711,-78.486973,0101000020E61000003E42CD902A9F53C08A0453CDAC034340
16283464,1503,41399220,Entire home/apt,United States,Charlottesville,,Ridge Street,3,5,6,3,,220,,14:08.7,38.021951,-78.490088,0101000020E61000005F0A0F9A5D9F53C0A88E554ACF024340
17805158,1503,25321321,Entire home/apt,United States,Charlottesville,,Woolen Mills,0,0,1,3,,300,,14:08.7,38.0265,-78.463522,0101000020E61000007FBE2D58AA9D53C008AC1C5A64034340
18609422,1503,97110246,Entire home/apt,United States,Charlottesville,,North Downtown,6,5,2,0,,80,,13:47.9,38.029415,-78.481379,0101000020E6100000CC7EDDE9CE9E53C08481E7DEC3034340
12989368,1503,36630575,Entire home/apt,United States,Charlottesville,,Belmont,8,5,3,1,,75,,13:47.9,38.026478,-78.478847,0101000020E61000006A32E36DA59E53C0200890A163034340
15108801,1503,95702084,Entire home/apt,United States,Charlottesville,,Ridge Street,42,5,2,0,,80,,13:47.9,38.020915,-78.493912,0101000020E610000086C613419C9F53C0787FBC57AD024340
762275,1503,57802,Entire home/apt,United States,Charlottesville,,Woolen Mills,173,5,4,2,,75,,13:47.9,38.028999,-78.463937,0101000020E6100000E199D024B19D53C0F04E3E3DB6034340
1300232,1503,1211743,Entire home/apt,United States,Charlottesville,,Fifeville,97,4.5,2,0,,80,,13:47.9,38.030034,-78.49176,0101000020E6100000C85EEFFE789F53C050E27327D8034340
2399994,1503,5759618,Entire home/apt,United States,Charlottesville,,Barracks/Rugby,146,5,4,0,,75,,13:47.9,38.047917,-78.485253,0101000020E61000004C5299620E9F53C012F6ED2422064340
7815840,1503,41147294,Entire home/apt,United States,Charlottesville,,Greenbrier,113,5,4,1,,75,,13:47.9,38.063491,-78.476484,0101000020E61000004E44BFB67E9E53C0904B1C7920084340
17154499,1503,24706110,Entire home/apt,United States,Charlottesville,,Woolen Mills,36,5,4,1,,65,,13:47.9,38.025819,-78.464496,0101000020E6100000DC476E4DBA9D53C0C64E78094E034340
156430,1503,752170,Entire home/apt,United States,Charlottesville,,North Downtown,17,4.5,2,1,,75,,13:47.9,38.037268,-78.478536,0101000020E61000005B7D7555A09E53C0FA97A432C5044340
6467552,1503,33785119,Entire home/apt,United States,Charlottesville,,Barracks/Rugby,93,4.5,2,0,,80,,13:47.9,38.042415,-78.487276,0101000020E61000000B08AD872F9F53C00FEECEDA6D054340
8300730,1503,2626757,Entire home/apt,United States,Charlottesville,,Venable,166,5,6,1,,70,,13:47.9,38.035168,-78.493783,0101000020E6100000871403249A9F53C0D0EE906280044340
18930745,1503,109258589,Entire home/apt,United States,Charlottesville,,Jefferson Park Avenue,0,0,2,1,,50,,13:47.0,38.028011,-78.510099,0101000020E61000003AAE4676A5A053C0D1764CDD95034340
16898333,1503,8537197,Entire home/apt,United States,Charlottesville,,Martha Jefferson,0,0,2,1,,50,,13:47.0,38.028015,-78.472317,0101000020E6100000121615713A9E53C01366DAFE95034340
2032456,1503,1211743,Entire home/apt,United States,Charlottesville,,10th & Page,16,4.5,2,1,,59,,13:47.0,38.037432,-78.493808,0101000020E610000034A0DE8C9A9F53C075E95F92CA044340
17846422,1503,122088735,Entire home/apt,United States,Charlottesville,,Locust Grove,8,4.5,4,2,,60,,13:47.0,38.043263,-78.457309,0101000020E6100000A7CAF78C449D53C03D1059A489054340
6967254,1503,7053776,Entire home/apt,United States,Charlottesville,,Locust Grove,242,5,2,1,,60,,13:47.0,38.044651,-78.455984,0101000020E6100000F4DF83D72E9D53C0EA5DBC1FB7054340
13279794,1503,19611276,Entire home/apt,United States,Charlottesville,,Lewis Mtn,0,0,9,2,,15,,13:45.6,38.041805,-78.508238,0101000020E61000006825ADF886A053C096E7C1DD59054340
14397945,1503,82268357,Private room,United States,Charlottesville,,Belmont,6,5,4,2,,191,,13:38.6,38.026278,-78.477884,0101000020E610000007D2C5A6959E53C0594DD7135D034340
14394002,1503,82268357,Private room,United States,Charlottesville,,Belmont,8,5,2,1,,119,,13:36.6,38.025649,-78.479113,0101000020E6100000A98592C9A99E53C06A16687748034340
4886311,1503,25137170,Private room,United States,Charlottesville,,Locust Grove,76,5,2,1,,67,,13:33.7,38.047751,-78.462332,0101000020E61000003CF9F4D8969D53C0F7AC6BB41C064340
16763903,1503,111268680,Private room,United States,Charlottesville,,Barracks Road,17,4.5,2,1,,79,,13:33.0,38.049317,-78.507297,0101000020E6100000F816D68D77A053C08411FB0450064340
236279,1503,150622,Private room,United States,Charlottesville,,Locust Grove,51,5,2,1,,77,,13:32.9,38.044422,-78.457557,0101000020E610000093C3279D489D53C0889CBE9EAF054340
19019356,1503,80983520,Private room,United States,Charlottesville,,Johnson Village,13,5,3,1,,68,,13:32.9,38.019149,-78.500023,0101000020E6100000DC0F786000A053C02460747973024340
4846973,1503,24936886,Private room,United States,Charlottesville,,Lewis Mtn,2,0,3,2,,230,,13:29.0,38.041823,-78.510264,0101000020E6100000E014562AA8A053C03D9CC0745A054340
17888214,1503,81330364,Private room,United States,Charlottesville,,Ridge Street,0,0,2,1,,295,,13:29.0,38.018557,-78.49367,0101000020E61000000B410E4A989F53C0520E661360024340
12080575,1503,24936886,Private room,United States,Charlottesville,,Lewis Mtn,1,0,2,1,,202,,13:28.9,38.039224,-78.511368,0101000020E6100000240ED940BAA053C0F19BC24A05054340
18507934,1503,1430068,Private room,United States,Charlottesville,,Ridge Street,0,0,2,1,,200,,13:28.3,38.023702,-78.482075,0101000020E610000007CE1951DA9E53C0C66CC9AA08034340
18768999,1503,130603751,Private room,United States,Charlottesville,,Jefferson Park Avenue,0,0,2,1,,200,,13:28.3,38.028324,-78.51849,0101000020E61000006553AEF02EA153C090D8EE1EA0034340
18506173,1503,1430068,Private room,United States,Charlottesville,,Belmont,0,0,2,1,,200,,13:28.3,38.022322,-78.481743,0101000020E6100000EC8497E0D49E53C09CFD8172DB024340
14929396,1503,24936886,Private room,United States,Charlottesville,,Barracks/Rugby,0,0,2,1,,173,,13:27.5,38.049062,-78.491114,0101000020E6100000E5266A696E9F53C0F9BCE2A947064340
14482622,1503,24936886,Private room,United States,Charlottesville,,Locust Grove,0,0,2,1,,173,,13:27.5,38.04045,-78.463704,0101000020E610000090C18A53AD9D53C0C58F31772D054340
12124138,1503,24936886,Private room,United States,Charlottesville,,Lewis Mtn,5,5,2,1,,173,,13:27.5,38.040732,-78.511366,0101000020E610000053927538BAA053C049F3C7B436054340
4846520,1503,24936886,Private room,United States,Charlottesville,,Lewis Mtn,2,0,2,1,,175,,13:27.5,38.040407,-78.510882,0101000020E61000005D876A4AB2A053C0C6C37B0E2C054340
4847068,1503,24936886,Private room,United States,Charlottesville,,Lewis Mtn,3,5,2,1,,175,,13:27.5,38.041122,-78.509854,0101000020E610000007EFAB72A1A053C0B492567C43054340
12145205,1503,24936886,Private room,United States,Charlottesville,,North Downtown,9,4.5,4,2,,145,,13:27.5,38.032684,-78.47859,0101000020E6100000548CF337A19E53C01E8D43FD2E044340
18136226,1503,125017604,Private room,United States,Charlottesville,,Locust Grove,0,0,2,1,,165,,13:27.5,38.050051,-78.456003,0101000020E61000002FF834272F9D53C0E910381268064340
6400414,1503,33374506,Private room,United States,Charlottesville,,10th & Page,0,0,2,1,,160,,13:27.5,38.032976,-78.496778,0101000020E6100000D4D7F335CB9F53C0C5C6BC8E38044340
12125053,1503,24936886,Private room,United States,Charlottesville,,North Downtown,12,5,2,1,,175,,13:27.5,38.033724,-78.480367,0101000020E6100000F8C43A55BE9E53C08F8B6A1151044340
14393956,1503,82268357,Private room,United States,Charlottesville,,Belmont,2,0,2,1,,135,,13:26.6,38.024668,-78.477412,0101000020E6100000F3AD0FEB8D9E53C0FDA02E5228034340
6348847,1503,14284600,Private room,United States,Charlottesville,,10th & Page,0,0,1,1,,138,,13:26.6,38.033436,-78.492183,0101000020E61000006B2920ED7F9F53C029417FA147044340
19458921,1503,14285858,Private room,United States,Charlottesville,,Venable,0,0,2,1,,135,,13:26.6,38.048798,-78.500407,0101000020E610000020EC14AB06A053C01B0E4B033F064340
6687154,1503,30237862,Private room,United States,Charlottesville,,North Downtown,1,0,1,1,,129,,13:26.6,38.030829,-78.481762,0101000020E6100000289D4830D59E53C05A626534F2034340
4950655,1503,25517690,Private room,United States,Charlottesville,,Woolen Mills,44,5,2,1,,125,,13:26.6,38.023184,-78.460258,0101000020E61000003B6EF8DD749D53C02EE57CB1F7024340
13016822,1503,7762299,Private room,United States,Charlottesville,,Barracks/Rugby,15,5,4,1,,85,,13:25.0,38.046863,-78.480889,0101000020E61000006500A8E2C69E53C03C32569BFF054340
14216931,1503,82268357,Private room,United States,Charlottesville,,Belmont,7,5,2,1,,99,,13:25.0,38.024497,-78.478711,0101000020E6100000124F7633A39E53C0D0ECBAB722034340
15309817,1503,17274235,Private room,United States,Charlottesville,,Johnson Village,6,4.5,2,1,,89,,13:25.0,38.016536,-78.499501,0101000020E61000006FD40AD3F79F53C0749A05DA1D024340
18663946,1503,7320404,Private room,United States,Charlottesville,,Barracks/Rugby,9,5,2,1,,85,,13:25.0,38.047994,-78.491981,0101000020E61000003750E09D7C9F53C0BE33DAAA24064340
10710588,1503,55351778,Private room,United States,Charlottesville,,Ridge Street,66,5,2,1,,60,,13:20.3,38.017288,-78.494192,0101000020E6100000787C7BD7A09F53C07F4E417E36024340
18354435,1503,17812136,Private room,United States,Charlottesville,,Venable,5,5,2,1,,60,,13:20.3,38.038378,-78.499023,0101000020E6100000EA3C2AFEEF9F53C06571FF91E9044340
18613116,1503,115260398,Private room,United States,Charlottesville,,Venable,1,0,4,2,,50,,13:20.3,38.036,-78.497929,0101000020E6100000B8AE9811DE9F53C0F853E3A59B044340
18672361,1503,93728327,Private room,United States,Charlottesville,,Venable,2,0,1,1,,42,,13:20.3,38.036421,-78.497977,0101000020E6100000414AECDADE9F53C09DF17D71A9044340
2571594,1503,188278,Private room,United States,Charlottesville,,Fry's Spring,7,5,2,1,,59,,13:20.3,38.023581,-78.513328,0101000020E6100000C007AF5DDAA053C04BE7C3B304034340
6716761,1503,4375264,Private room,United States,Charlottesville,,Greenbrier,23,5,2,1,,42,,13:20.3,38.059099,-78.473133,0101000020E6100000236AA2CF479E53C0F81C588E90074340
914555,1503,4908729,Private room,United States,Charlottesville,,Belmont,83,5,2,1,,55,,13:20.3,38.017222,-78.481096,0101000020E6100000218FE046CA9E53C0C7629B5434024340
6602679,1503,34544086,Private room,United States,Charlottesville,,Barracks/Rugby,2,0,2,1,,50,,13:20.3,38.044043,-78.492333,0101000020E6100000766F4562829F53C0124F7633A3054340
8202602,1503,18848280,Private room,United States,Charlottesville,,Fry's Spring,36,5,2,1,,47,,13:19.3,38.01339,-78.504534,0101000020E6100000166EF9484AA053C0F60B76C3B6014340
11440585,1503,35595314,Private room,United States,Charlottesville,,Johnson Village,20,5,2,1,,52,,13:19.2,38.02188,-78.505458,0101000020E61000001AE0826C59A053C0DF37BEF6CC024340
19700853,1503,138800968,Private room,United States,Charlottesville,,Johnson Village,1,0,2,1,,60,,13:19.2,38.022629,-78.501424,0101000020E61000007D5BB05417A053C07978CF81E5024340
18718544,1503,26947090,Private room,United States,Charlottesville,,Fifeville,6,5,2,1,,60,,13:19.2,38.022674,-78.497986,0101000020E61000006AF7AB00DF9F53C0193C4CFBE6024340
11557016,1503,55351778,Private room,United States,Charlottesville,,Ridge Street,62,5,2,1,,52,,13:19.2,38.018571,-78.495546,0101000020E610000079EA9106B79F53C0B7D3D68860024340
16970527,1503,71677940,Private room,United States,Charlottesville,,Belmont,27,5,3,1,,45,,13:19.2,38.016363,-78.472538,0101000020E6100000810706103E9E53C0A6EECA2E18024340
18794928,1503,80983520,Private room,United States,Charlottesville,,Johnson Village,8,4,3,1,,60,,13:19.2,38.018315,-78.501103,0101000020E61000005C3B511212A053C05C035B2558024340
1792587,1503,9405078,Private room,United States,Charlottesville,,Locust Grove,128,5,3,1,,55,,13:19.2,38.043645,-78.457772,0101000020E61000009241EE224C9D53C024D1CB2896054340
19805380,1503,9515062,Private room,United States,Charlottesville,,Locust Grove,1,0,1,1,,60,,13:19.2,38.041125,-78.47029,0101000020E6100000B2683A3B199E53C02506819543054340
17574726,1503,83937800,Private room,United States,Charlottesville,,Jefferson Park Avenue,8,5,2,1,,49,,13:19.2,38.027676,-78.517299,0101000020E610000039D0436D1BA153C02A711DE38A034340
18763289,1503,24107250,Private room,United States,Charlottesville,,Belmont,13,5,2,1,,45,,13:19.2,38.017078,-78.476505,0101000020E61000005AD8D30E7F9E53C094BDA59C2F024340
12543849,1503,57039412,Private room,United States,Charlottesville,,10th & Page,131,5,2,1,,55,,13:19.2,38.034976,-78.492979,0101000020E610000059A7CAF78C9F53C08C12F4177A044340
7279476,1503,3672771,Private room,United States,Charlottesville,,Jefferson Park Avenue,160,5,2,1,,58,,13:19.2,38.0315,-78.501787,0101000020E6100000B5A338471DA053C079E9263108044340
8203279,1503,43254691,Private room,United States,Charlottesville,,Martha Jefferson,196,5,2,1,,49,,13:19.2,38.027802,-78.469924,0101000020E6100000C1E61C3C139E53C0B76114048F034340
10877251,1503,33653490,Private room,United States,Charlottesville,,Venable,0,0,2,1,,30,,13:17.6,38.035601,-78.498934,0101000020E61000003337DF88EE9F53C03A5AD5928E044340
19605699,1503,137851110,Private room,United States,Charlottesville,,Venable,4,5,2,2,,40,,13:17.6,38.037332,-78.495445,0101000020E6100000DFFDF15EB59F53C0118C834BC7044340
8371414,1503,31423990,Private room,United States,Charlottesville,,Jefferson Park Avenue,0,0,2,1,,38,,13:17.6,38.028748,-78.509269,0101000020E610000077F700DD97A053C0A7E9B303AE034340
14556386,1503,44027416,Private room,United States,Charlottesville,,Locust Grove,2,0,1,1,,39,,13:17.6,38.037612,-78.460926,0101000020E610000012F8C3CF7F9D53C0F5F75278D0044340
15447625,1503,13188817,Private room,United States,Charlottesville,,Belmont,18,5,2,1,,34,,13:17.6,38.020894,-78.468004,0101000020E61000006B990CC7F39D53C0605793A7AC024340
12037373,1503,55478877,Private room,United States,Charlottesville,,Fifeville,8,5,1,1,,35,,13:17.6,38.024334,-78.497206,0101000020E610000000581D39D29F53C0271763601D034340
18877260,1503,48866995,Private room,United States,Charlottesville,,Jefferson Park Avenue,0,0,2,1,,14,,13:17.6,38.031611,-78.498047,0101000020E6100000BD378600E09F53C0D09849D40B044340
18584609,1503,2326757,Private room,United States,Charlottesville,,North Downtown,5,4,2,1,,30,,13:17.6,38.028792,-78.476929,0101000020E6100000E5603601869E53C07731CD74AF034340
18089034,1503,104973259,Private room,United States,Charlottesville,,Venable,1,0,1,1,,35,,13:17.6,38.037564,-78.500087,0101000020E6100000E789E76C01A053C0E4C0ABE5CE044340
19904827,1503,137851110,Private room,United States,Charlottesville,,Venable,0,0,1,1,,35,,13:16.5,38.037961,-78.496024,0101000020E6100000FE8172DBBE9F53C001C3F2E7DB044340