room_id,survey_id,host_id,room_type,country,city,borough,neighborhood,reviews,overall_satisfaction,accommodates,bedrooms,bathrooms,price,minstay,last_modified,latitude,longitude,location
15706636,1432,9738340,Shared room,United States,New Haven,,New Haven,0,0,2,1,,120,,23:18.6,41.307565,-72.886712,0101000020E6100000213EB0E3BF3852C07632384A5EA74440
17010199,1432,69697238,Shared room,United States,New Haven,,New Haven,4,5,1,1,,80,,23:16.2,41.322229,-72.91856,0101000020E61000007BDAE1AFC93A52C05169C4CC3EA94440
17609700,1432,119701517,Shared room,United States,New Haven,,West Haven,0,0,1,1,,75,,23:16.2,41.257745,-72.947172,0101000020E6100000F6EB4E779E3C52C090DAC4C9FDA04440
6336901,1432,21880983,Shared room,United States,New Haven,,East Haven,10,5,1,1,,42,,23:15.1,41.278158,-72.879151,0101000020E6100000B94F8E02443852C0758F6CAE9AA34440
8832942,1432,46262648,Shared room,United States,New Haven,,New Haven,0,0,1,1,,43,,23:15.1,41.313694,-72.934005,0101000020E61000003B53E8BCC63B52C0C879FF1F27A84440
9532316,1432,36477426,Shared room,United States,New Haven,,New Haven,16,3,3,1,,55,,23:15.1,41.299594,-72.933944,0101000020E6100000E8120EBDC53B52C0F609A01859A64440
14720407,1432,18451196,Shared room,United States,New Haven,,New Haven,0,0,2,1,,50,,23:15.1,41.307592,-72.925757,0101000020E6100000C2C2499A3F3B52C07041B62C5FA74440
5839695,1432,30319850,Shared room,United States,New Haven,,New Haven,1,0,1,1,,20,,23:13.8,41.299718,-72.937915,0101000020E610000062DBA2CC063C52C0E202D0285DA64440
15546090,1432,38349668,Shared room,United States,New Haven,,New Haven,20,5,2,1,,31,,23:13.8,41.317601,-72.91809,0101000020E610000038328FFCC13A52C0A5164A26A7A84440
4799833,1432,9880948,Entire home/apt,United States,New Haven,,New Haven,6,5,6,2,,112,,20:21.3,41.313937,-72.887993,0101000020E6100000EC8497E0D43852C08F006E162FA84440
13612329,1432,15580487,Entire home/apt,United States,New Haven,,New Haven,15,5,4,2,,250,,20:09.4,41.259679,-72.892601,0101000020E61000001FD8F15F203952C09F3A56293DA14440
17343122,1432,117147429,Entire home/apt,United States,New Haven,,New Haven,0,0,5,2,,135,,20:05.2,41.305814,-72.926097,0101000020E61000001EFB592C453B52C05854C4E924A74440
11155830,1432,3165836,Entire home/apt,United States,New Haven,,New Haven,13,4.5,4,0,,125,,20:04.0,41.312936,-72.918971,0101000020E61000003CBEBD6BD03A52C0DBDE6E490EA84440
9429646,1432,29603331,Entire home/apt,United States,New Haven,,New Haven,4,4.5,2,0,,110,,20:03.1,41.30779,-72.924385,0101000020E61000006EFAB31F293B52C09604A8A965A74440
17362955,1432,18710998,Entire home/apt,United States,New Haven,,New Haven,3,4.5,3,1,,110,,20:03.1,41.332845,-72.974841,0101000020E6100000327381CB633E52C08DD13AAA9AAA4440
9137370,1432,23091435,Entire home/apt,United States,New Haven,,New Haven,5,3.5,4,1,,119,,20:03.1,41.3246,-72.914991,0101000020E6100000994869368F3A52C00B24287E8CA94440
12967303,1432,10132458,Entire home/apt,United States,New Haven,,New Haven,4,5,3,1,,110,,20:01.7,41.308801,-72.922846,0101000020E6100000A54FABE80F3B52C06EFC89CA86A74440
19616071,1432,100437829,Entire home/apt,United States,New Haven,,New Haven,0,0,3,1,,95,,19:57.9,41.306124,-72.919638,0101000020E61000002B8A5759DB3A52C0A6423C122FA74440
9877904,1432,9358513,Entire home/apt,United States,New Haven,,New Haven,18,4.5,5,2,,90,,19:57.9,41.317172,-72.925978,0101000020E610000031B43A39433B52C07C9A931799A84440
1661260,1432,8802812,Entire home/apt,United States,New Haven,,New Haven,2,0,4,2,,85,,19:56.5,41.311194,-72.916373,0101000020E6100000FE7BF0DAA53A52C0105B7A34D5A74440
7460251,1432,36477426,Entire home/apt,United States,New Haven,,New Haven,46,4,5,2,,70,,19:55.9,41.299172,-72.932728,0101000020E61000001004C8D0B13B52C080F0A1444BA64440
4199823,1432,20260832,Entire home/apt,United States,New Haven,,New Haven,4,5,3,1,,65,,19:52.9,41.31501,-72.911176,0101000020E61000009B3924B5503A52C0DCF4673F52A84440
9608365,1432,32939539,Entire home/apt,United States,New Haven,,New Haven,14,4.5,3,1,,77,,19:52.9,41.317665,-72.912556,0101000020E610000030F14751673A52C0BB0A293FA9A84440
13762614,1432,22865624,Entire home/apt,United States,New Haven,,New Haven,5,5,4,1,,75,,19:52.9,41.323499,-72.913006,0101000020E610000050C3B7B06E3A52C0F4A44C6A68A94440
12848856,1432,14603157,Entire home/apt,United States,New Haven,,New Haven,0,0,2,1,,59,,19:51.3,41.315638,-72.912822,0101000020E61000007044F7AC6B3A52C0FBAF73D366A84440
12546114,1432,67988686,Entire home/apt,United States,New Haven,,New Haven,1,0,12,4,,900,,19:45.4,41.308035,-72.92782,0101000020E6100000C8242367613B52C0FD82DDB06DA74440
16089954,1432,103180487,Entire home/apt,United States,New Haven,,New Haven,0,0,4,4,,873,,19:45.4,41.300662,-72.936555,0101000020E6100000F0F96184F03B52C03293A8177CA64440
16111971,1432,16063785,Entire home/apt,United States,New Haven,,New Haven,0,0,2,1,,855,,19:45.4,41.300816,-72.927144,0101000020E6100000B0ABC953563B52C0880E812381A64440
12266025,1432,66063148,Entire home/apt,United States,New Haven,,New Haven,17,5,10,5,,900,,19:45.4,41.305221,-72.925496,0101000020E61000000B2593533B3B52C0B686527B11A74440
18040407,1432,44968385,Entire home/apt,United States,New Haven,,New Haven,0,0,7,5,,1000,,19:45.4,41.322767,-72.914833,0101000020E61000004D13B69F8C3A52C0309DD66D50A94440
7636876,1432,25533033,Entire home/apt,United States,New Haven,,East Haven,3,5,6,3,,505,,19:44.4,41.246622,-72.86502,0101000020E6100000B398D87C5C3752C0B03C484F919F4440
4919873,1432,14315999,Entire home/apt,United States,New Haven,,New Haven,4,4.5,7,4,,500,,19:44.4,41.323465,-72.918767,0101000020E610000038691A14CD3A52C04833164D67A94440
9569735,1432,34281400,Entire home/apt,United States,New Haven,,New Haven,1,0,8,4,,550,,19:44.4,41.324163,-72.911665,0101000020E61000001AFA27B8583A52C060C9552C7EA94440
12791750,1432,39874114,Entire home/apt,United States,New Haven,,New Haven,0,0,4,2,,400,,19:42.8,41.305389,-72.927899,0101000020E61000006EBF7CB2623B52C071C79BFC16A74440
12601740,1432,16858288,Entire home/apt,United States,New Haven,,New Haven,2,0,5,5,,500,,19:42.8,41.330696,-72.913552,0101000020E610000081CCCEA2773A52C082751C3F54AA4440
9193765,1432,47827149,Entire home/apt,United States,New Haven,,East Haven,10,5,8,4,,395,,19:42.8,41.246579,-72.871173,0101000020E6100000200A664CC13752C0B07092E68F9F4440
4922412,1432,25353197,Entire home/apt,United States,New Haven,,New Haven,35,5,8,3,,425,,19:42.8,41.308335,-72.91866,0101000020E61000002D095053CB3A52C0289B728577A74440
16295571,1432,20857768,Entire home/apt,United States,New Haven,,New Haven,2,0,3,1,,229,,19:41.1,41.307616,-72.93097,0101000020E6100000A8E33103953B52C0F9DC09F65FA74440
6077841,1432,202794,Entire home/apt,United States,New Haven,,New Haven,0,0,4,2,,255,,19:41.1,41.322672,-72.907992,0101000020E6100000E5417A8A1C3A52C0DEAAEB504DA94440
8965250,1432,2139878,Entire home/apt,United States,New Haven,,New Haven,0,0,5,3,,225,,19:41.1,41.332756,-72.915194,0101000020E6100000B5DFDA89923A52C01EC6A4BF97AA4440
6400577,1432,17461356,Entire home/apt,United States,New Haven,,New Haven,21,5,8,3,,280,,19:41.1,41.318616,-72.909329,0101000020E61000007B134372323A52C0BDFDB968C8A84440
12964715,1432,63932292,Entire home/apt,United States,New Haven,,Hamden,7,5,6,3,,295,,19:40.0,41.343193,-72.916441,0101000020E6100000ABED26F8A63A52C0AA9B8BBFEDAB4440
19327389,1432,23036144,Entire home/apt,United States,New Haven,,New Haven,0,0,7,4,,299,,19:40.0,41.318415,-72.976439,0101000020E61000007EE200FA7D3E52C026C79DD2C1A84440
13082395,1432,2856801,Entire home/apt,United States,New Haven,,New Haven,0,0,3,1,,250,,19:40.0,41.309206,-72.93372,0101000020E6100000C0E78711C23B52C00EDDEC0F94A74440
1127293,1432,6184744,Entire home/apt,United States,New Haven,,New Haven,32,5,6,2,,225,,19:40.0,41.317104,-72.91394,0101000020E610000066A032FE7D3A52C024B726DD96A84440
4070589,1432,11609737,Entire home/apt,United States,New Haven,,Orange,5,5,5,3,,240,,19:40.0,41.283458,-72.99076,0101000020E6100000D68BA19C683F52C011E50B5A48A44440
6124904,1432,31778041,Entire home/apt,United States,New Haven,,Hamden,1,0,8,4,,250,,19:40.0,41.345886,-72.91691,0101000020E610000006D847A7AE3A52C0771211FE45AC4440
11565924,1432,61096826,Entire home/apt,United States,New Haven,,New Haven,11,4.5,5,2,,225,,19:40.0,41.314099,-72.917725,0101000020E61000002F6EA301BC3A52C0685A626534A84440
1569560,1432,8346446,Entire home/apt,United States,New Haven,,New Haven,44,5,6,1,,225,,19:40.0,41.303236,-72.920103,0101000020E6100000E57CB1F7E23A52C0247CEF6FD0A64440
12984549,1432,71504556,Entire home/apt,United States,New Haven,,New Haven,1,0,3,0,,225,,19:40.0,41.306797,-72.927138,0101000020E61000003F389F3A563B52C066C1C41F45A74440
19530706,1432,23986531,Entire home/apt,United States,New Haven,,New Haven,0,0,2,1,,250,,19:40.0,41.306426,-72.932238,0101000020E6100000A98592C9A93B52C0725298F738A74440
11390275,1432,59750291,Entire home/apt,United States,New Haven,,New Haven,2,0,4,1,,250,,19:40.0,41.310065,-72.934457,0101000020E61000002BA1BB24CE3B52C02F51BD35B0A74440
12485081,1432,9628645,Entire home/apt,United States,New Haven,,New Haven,8,5,3,1,,270,,19:40.0,41.306354,-72.924173,0101000020E610000028B682A6253B52C0D87F9D9B36A74440
17220578,1432,10392534,Entire home/apt,United States,New Haven,,New Haven,4,5,6,3,,250,,19:40.0,41.325215,-72.960169,0101000020E61000008368AD68733D52C0969526A5A0A94440
13155689,1432,5363917,Entire home/apt,United States,New Haven,,New Haven,16,4.5,12,3,,250,,19:40.0,41.31651,-72.912912,0101000020E6100000100874266D3A52C0B16D516683A84440
12421311,1432,67184904,Entire home/apt,United States,New Haven,,County subdivisions not defined,13,5,4,2,,258,,19:40.0,41.255557,-72.897963,0101000020E61000002881CD39783952C0C7A17E17B6A04440
18274132,1432,125722375,Entire home/apt,United States,New Haven,,New Haven,2,0,5,1,,300,,19:40.0,41.322819,-72.915211,0101000020E6100000207C28D1923A52C083C30B2252A94440
18687255,1432,22104744,Entire home/apt,United States,New Haven,,New Haven,2,0,5,2,,300,,19:40.0,41.302641,-72.923522,0101000020E6100000BDC804FC1A3B52C0E1B6B6F0BCA64440
4014613,1432,18055498,Entire home/apt,United States,New Haven,,New Haven,3,4.5,7,5,,200,,19:38.6,41.316558,-72.917656,0101000020E61000009A3E3BE0BA3A52C0C2A4F8F884A84440
1466659,1432,7036581,Entire home/apt,United States,New Haven,,New Haven,23,5,4,1,,200,,19:38.6,41.305961,-72.925208,0101000020E6100000D87F9D9B363B52C0FD6CE4BA29A74440
3315319,1432,16739164,Entire home/apt,United States,New Haven,,New Haven,0,0,4,2,,200,,19:38.6,41.32341,-72.914281,0101000020E6100000AB967494833A52C08599B67F65A94440
13370069,1432,5363917,Entire home/apt,United States,New Haven,,New Haven,12,4,7,2,,200,,19:38.5,41.31769,-72.913306,0101000020E6100000664F029B733A52C01422E010AAA84440
11719510,1432,37399429,Entire home/apt,United States,New Haven,,New Haven,2,0,2,1,,185,,19:38.5,41.310981,-72.934554,0101000020E6100000259694BBCF3B52C0B456B439CEA74440
10811709,1432,20078705,Entire home/apt,United States,New Haven,,New Haven,2,0,3,2,,199,,19:38.5,41.313256,-72.917291,0101000020E6100000927A4FE5B43A52C04DA3C9C518A84440
16553838,1432,22240873,Entire home/apt,United States,New Haven,,New Haven,0,0,3,1,,189,,19:38.5,41.305038,-72.914868,0101000020E61000000B0A83328D3A52C0C504357C0BA74440
19764648,1432,85499531,Entire home/apt,United States,New Haven,,New Haven,0,0,7,3,,199,,19:38.5,41.272958,-72.892446,0101000020E61000008CDCD3D51D3952C03E97A949F0A24440
19113182,1432,30308713,Entire home/apt,United States,New Haven,,New Haven,1,0,4,2,,200,,19:38.5,41.331761,-72.917978,0101000020E6100000A41CCC26C03A52C04C8BFA2477AA4440
13800350,1432,10352039,Entire home/apt,United States,New Haven,,New Haven,3,5,4,2,,185,,19:38.5,41.311579,-72.944676,0101000020E61000003B545392753C52C0698F17D2E1A74440
14773172,1432,10850877,Entire home/apt,United States,New Haven,,New Haven,15,5,3,1,,200,,19:38.5,41.315833,-72.925579,0101000020E610000052B7B3AF3C3B52C0B0FF3A376DA84440
8917295,1432,16366090,Entire home/apt,United States,New Haven,,New Haven,6,5,5,2,,150,,19:36.8,41.316957,-72.912438,0101000020E61000002B685A62653A52C0809E060C92A84440
16416892,1432,44737171,Entire home/apt,United States,New Haven,,New Haven,4,5,4,1,,150,,19:36.8,41.307827,-72.929928,0101000020E61000009FE8BAF0833B52C0B4E908E066A74440
5394827,1432,551850,Entire home/apt,United States,New Haven,,New Haven,23,5,2,1,,145,,19:36.8,41.307747,-72.916554,0101000020E610000027C11BD2A83A52C09738F24064A74440
12287025,1432,66096606,Entire home/apt,United States,New Haven,,New Haven,19,5,6,2,,175,,19:36.8,41.318778,-72.909152,0101000020E6100000F4C5DE8B2F3A52C09757AEB7CDA84440
12521598,1432,42850198,Entire home/apt,United States,New Haven,,New Haven,4,5,8,2,,150,,19:36.8,41.305682,-72.928993,0101000020E6100000A14D0E9F743B52C0E97C789620A74440
18047233,1432,16351157,Entire home/apt,United States,New Haven,,New Haven,0,0,2,1,,150,,19:36.8,41.313144,-72.917833,0101000020E6100000228C9FC6BD3A52C02578431A15A84440
19448060,1432,136365736,Entire home/apt,United States,New Haven,,West Haven,0,0,4,2,,150,,19:36.8,41.249033,-72.9665,0101000020E610000060E5D022DB3D52C0F84F3750E09F4440
12929072,1432,3907212,Entire home/apt,United States,New Haven,,New Haven,1,0,6,2,,150,,19:36.8,41.320593,-72.910602,0101000020E6100000056B9C4D473A52C0CC29013109A94440
13044031,1432,32870007,Entire home/apt,United States,New Haven,,New Haven,0,0,4,2,,180,,19:36.8,41.313374,-72.912439,0101000020E610000014268C66653A52C057B5A4A31CA84440
4936408,1432,551850,Entire home/apt,United States,New Haven,,New Haven,26,5,2,1,,145,,19:36.8,41.307524,-72.915319,0101000020E6100000139A2496943A52C0185E49F25CA74440
11345414,1432,3165836,Entire home/apt,United States,New Haven,,New Haven,14,5,6,1,,149,,19:36.8,41.315157,-72.919152,0101000020E61000006403E962D33A52C0800D881057A84440
8026067,1432,42379029,Entire home/apt,United States,New Haven,,New Haven,24,5,4,2,,175,,19:36.8,41.305241,-72.916628,0101000020E610000044A67C08AA3A52C0FD32182312A74440
18174338,1432,65244081,Entire home/apt,United States,New Haven,,New Haven,6,5,3,1,,170,,19:36.8,41.31657,-72.914274,0101000020E610000052651877833A52C08672A25D85A84440
16376818,1432,107266472,Entire home/apt,United States,New Haven,,New Haven,12,5,4,2,,175,,19:36.8,41.318889,-72.925007,0101000020E61000008C648F50333B52C0EE06D15AD1A84440
6373494,1432,33213002,Entire home/apt,United States,New Haven,,New Haven,0,0,4,2,,125,,19:34.1,41.307373,-72.928124,0101000020E61000007EA83462663B52C032569BFF57A74440
9482668,1432,48518467,Entire home/apt,United States,New Haven,,New Haven,40,4.5,5,2,,130,,19:34.1,41.316436,-72.96128,0101000020E610000021938C9C853D52C077A38FF980A84440
12288625,1432,12177682,Entire home/apt,United States,New Haven,,New Haven,21,5,4,1,,129,,19:34.1,41.32535,-72.960714,0101000020E6100000CCB392567C3D52C076E09C11A5A94440
2298234,1432,2399738,Entire home/apt,United States,New Haven,,New Haven,2,0,5,3,,130,,19:34.1,41.312432,-72.889133,0101000020E6100000D732198EE73852C0A81C93C5FDA74440
16647453,1432,110025930,Entire home/apt,United States,New Haven,,New Haven,12,5,6,2,,125,,19:34.1,41.315984,-72.930116,0101000020E6100000205F4205873B52C09607E92972A84440
8838662,1432,46288845,Entire home/apt,United States,New Haven,,New Haven,51,5,3,1,,125,,19:34.1,41.323804,-72.909709,0101000020E61000001FF818AC383A52C03128D36872A94440
16482909,1432,48518467,Entire home/apt,United States,New Haven,,New Haven,5,5,6,2,,125,,19:34.1,41.316374,-72.962402,0101000020E6100000B8E68EFE973D52C001A777F17EA84440
12670194,1432,3165836,Entire home/apt,United States,New Haven,,New Haven,7,5,4,1,,125,,19:34.1,41.314987,-72.920114,0101000020E6100000DFA5D425E33A52C024D5777E51A84440
14874202,1432,86803645,Entire home/apt,United States,New Haven,,New Haven,11,5,2,1,,125,,19:34.1,41.282569,-72.930627,0101000020E610000093718C648F3B52C085EE92382BA44440
18269763,1432,6184744,Entire home/apt,United States,New Haven,,New Haven,4,5,4,1,,125,,19:34.0,41.320293,-72.961267,0101000020E610000057EE0566853D52C0A1116C5CFFA84440
12129421,1432,60012425,Entire home/apt,United States,New Haven,,New Haven,88,5,5,2,,129,,19:34.0,41.316587,-72.914868,0101000020E61000000B0A83328D3A52C05CAB3DEC85A84440
609307,1432,1806934,Entire home/apt,United States,New Haven,,New Haven,58,5,6,2,,140,,19:34.0,41.283532,-72.931358,0101000020E61000008DB7955E9B3B52C04BAFCDC64AA44440
19053133,1432,77541165,Entire home/apt,United States,New Haven,,New Haven,0,0,3,1,,110,,19:32.2,41.305963,-72.921254,0101000020E6100000CA5356D3F53A52C09D64ABCB29A74440
9450790,1432,15026773,Entire home/apt,United States,New Haven,,New Haven,14,5,4,1,,110,,19:32.2,41.309845,-72.937866,0101000020E6100000F1811DFF053C52C021EA3E00A9A74440
19032875,1432,95370882,Entire home/apt,United States,New Haven,,New Haven,0,0,2,1,,120,,19:32.2,41.306474,-72.931665,0101000020E6100000FB743C66A03B52C083893F8A3AA74440
12519118,1432,30591743,Entire home/apt,United States,New Haven,,New Haven,60,5,3,1,,120,,19:31.2,41.305325,-72.926118,0101000020E61000002A8F6E84453B52C05BD3BCE314A74440
19421758,1432,54183253,Entire home/apt,United States,New Haven,,East Haven,1,0,4,1,,120,,19:31.2,41.25353,-72.873125,0101000020E61000007B14AE47E13752C00647C9AB73A04440
10363645,1432,24267910,Entire home/apt,United States,New Haven,,New Haven,54,5,6,2,,118,,19:31.2,41.304508,-72.920897,0101000020E6100000027FF8F9EF3A52C068AF3E1EFAA64440
16809402,1432,16748480,Entire home/apt,United States,New Haven,,New Haven,0,0,6,2,,100,,19:31.2,41.324563,-72.910992,0101000020E6100000BABA63B14D3A52C0EE3EC7478BA94440
15380108,1432,16795435,Entire home/apt,United States,New Haven,,New Haven,11,4.5,4,1,,100,,19:31.2,41.305415,-72.922579,0101000020E61000007D3ECA880B3B52C09B5AB6D617A74440
719780,1432,194482,Entire home/apt,United States,New Haven,,New Haven,0,0,5,1,,102,,19:31.2,41.305084,-72.917035,0101000020E6100000649291B3B03A52C0354415FE0CA74440
7615596,1432,10634944,Entire home/apt,United States,New Haven,,New Haven,58,5,4,2,,120,,19:31.2,41.311119,-72.889867,0101000020E610000089B2B794F33852C0051555BFD2A74440
19735328,1432,31228705,Entire home/apt,United States,New Haven,,New Haven,0,0,4,2,,120,,19:31.2,41.32132,-72.914394,0101000020E6100000276A696E853A52C07EC6850321A94440
18945928,1432,3491717,Entire home/apt,United States,New Haven,,New Haven,2,0,2,1,,120,,19:31.2,41.325797,-72.913792,0101000020E61000002CD670917B3A52C0451152B7B3A94440
13262859,1432,40510999,Entire home/apt,United States,New Haven,,New Haven,21,5,3,0,,101,,19:31.2,41.307296,-72.927578,0101000020E61000004D9F1D705D3B52C08718AF7955A74440
4694503,1432,24267910,Entire home/apt,United States,New Haven,,New Haven,43,5,4,2,,119,,19:31.1,41.302992,-72.919783,0101000020E6100000AC1A84B9DD3A52C08E791D71C8A64440
2798982,1432,14315999,Entire home/apt,United States,New Haven,,New Haven,128,5,4,2,,108,,19:31.1,41.322995,-72.920757,0101000020E610000009A4C4AEED3A52C0C1E270E657A94440
15453022,1432,72472836,Entire home/apt,United States,New Haven,,New Haven,3,4.5,3,1,,90,,19:29.3,41.320414,-72.914509,0101000020E610000073B9C150873A52C01C97715303A94440
12606908,1432,39413109,Entire home/apt,United States,New Haven,,New Haven,0,0,2,1,,98,,19:29.3,41.305367,-72.929341,0101000020E61000003E75AC527A3B52C089230F4416A74440
14587295,1432,20859276,Entire home/apt,United States,New Haven,,New Haven,0,0,4,2,,90,,19:29.3,41.304501,-72.920556,0101000020E6100000BE88B663EA3A52C0B64C86E3F9A64440
9477067,1432,13448941,Entire home/apt,United States,New Haven,,New Haven,15,4.5,6,2,,90,,19:29.3,41.315592,-72.945556,0101000020E6100000572250FD833C52C08B70935165A84440
9252857,1432,22487840,Entire home/apt,United States,New Haven,,New Haven,1,0,2,1,,100,,19:29.3,41.308546,-72.933088,0101000020E61000009012BBB6B73B52C0E3A7716F7EA74440
14319614,1432,2253162,Entire home/apt,United States,New Haven,,New Haven,0,0,3,0,,97,,19:29.3,41.311731,-72.935174,0101000020E610000073840CE4D93B52C01F1329CDE6A74440
12809622,1432,6214834,Entire home/apt,United States,New Haven,,New Haven,0,0,2,1,,100,,19:29.3,41.308937,-72.93638,0101000020E6100000392861A6ED3B52C01EC3633F8BA74440
371999,1432,1873261,Entire home/apt,United States,New Haven,,New Haven,37,5,4,1,,90,,19:29.3,41.303145,-72.891356,0101000020E6100000FA4509FA0B3952C014799274CDA64440
12323426,1432,66488613,Entire home/apt,United States,New Haven,,New Haven,2,0,2,1,,90,,19:29.3,41.308542,-72.933393,0101000020E61000002E54FEB5BC3B52C0A2B8E34D7EA74440
17386088,1432,2618881,Entire home/apt,United States,New Haven,,New Haven,0,0,5,2,,100,,19:29.3,41.323903,-72.909852,0101000020E6100000D00CE2033B3A52C0C4094CA775A94440
9906728,1432,42621913,Entire home/apt,United States,New Haven,,New Haven,2,0,4,2,,89,,19:29.3,41.314241,-72.917269,0101000020E61000009E280989B43A52C0FB07910C39A84440
17255933,1432,61780515,Entire home/apt,United States,New Haven,,East Haven,2,0,4,1,,85,,19:29.3,41.324232,-72.862949,0101000020E61000006B47718E3A3752C08928266F80A94440
19529839,1432,2284426,Entire home/apt,United States,New Haven,,New Haven,0,0,3,1,,90,,19:29.3,41.306091,-72.931756,0101000020E610000083F6EAE3A13B52C0CB4C69FD2DA74440
12708119,1432,2995534,Entire home/apt,United States,New Haven,,New Haven,6,5,4,1,,85,,19:29.3,41.308347,-72.93213,0101000020E6100000B6679604A83B52C0EC681CEA77A74440
6912610,1432,16782911,Entire home/apt,United States,New Haven,,New Haven,3,5,4,1,,85,,19:28.0,41.315537,-72.911737,0101000020E6100000676325E6593A52C0C7D6338463A84440
2807471,1432,13448941,Entire home/apt,United States,New Haven,,New Haven,50,4.5,4,2,,95,,19:28.0,41.314193,-72.945472,0101000020E610000028D2FD9C823C52C0EAD0E97937A84440
15398847,1432,5363917,Entire home/apt,United States,New Haven,,New Haven,16,4.5,6,1,,100,,19:28.0,41.315831,-72.915121,0101000020E610000080B8AB57913A52C0100874266DA84440
17020909,1432,1806934,Entire home/apt,United States,New Haven,,New Haven,14,5,4,2,,90,,19:28.0,41.283542,-72.930614,0101000020E6100000C9CC052E8F3B52C06E85B01A4BA44440
13705642,1432,11990170,Entire home/apt,United States,New Haven,,New Haven,22,5,8,4,,85,,19:28.0,41.308807,-72.948753,0101000020E6100000D7BE805EB83C52C050E3DEFC86A74440
2739285,1432,1144550,Entire home/apt,United States,New Haven,,New Haven,61,5,2,1,,99,,19:28.0,41.302534,-72.918484,0101000020E61000008E791D71C83A52C0CBF6216FB9A64440
15185852,1432,14550934,Entire home/apt,United States,New Haven,,New Haven,9,4.5,4,2,,99,,19:28.0,41.327674,-72.957405,0101000020E6100000B8019F1F463D52C0F0DFBC38F1A94440
11374283,1432,3165836,Entire home/apt,United States,New Haven,,New Haven,4,4,4,1,,95,,19:28.0,41.3153,-72.915577,0101000020E610000011FE45D0983A52C0E3361AC05BA84440
8616607,1432,31922326,Entire home/apt,United States,New Haven,,New Haven,107,5,4,1,,100,,19:28.0,41.320884,-72.917607,0101000020E61000002AE5B512BA3A52C0A3E716BA12A94440
18568328,1432,30104923,Entire home/apt,United States,New Haven,,New Haven,6,5,2,0,,100,,19:28.0,41.304125,-72.922369,0101000020E61000000876FC17083B52C0B0726891EDA64440
14197380,1432,86110953,Entire home/apt,United States,New Haven,,New Haven,10,5,4,2,,100,,19:28.0,41.317161,-72.910458,0101000020E61000006C98A1F1443A52C088484DBB98A84440
18396116,1432,127439540,Entire home/apt,United States,New Haven,,New Haven,20,4.5,3,1,,89,,19:28.0,41.313908,-72.916481,0101000020E6100000F299EC9FA73A52C0F4F928232EA84440
14402191,1432,64887490,Entire home/apt,United States,New Haven,,New Haven,13,4.5,4,2,,99,,19:27.9,41.323883,-72.934427,0101000020E6100000F65FE7A6CD3B52C07D5D86FF74A94440
16347970,1432,2374177,Entire home/apt,United States,New Haven,,New Haven,20,4.5,4,2,,98,,19:27.9,41.315938,-72.886996,0101000020E6100000B3EBDE8AC43852C026C808A870A84440
9041171,1432,21880983,Entire home/apt,United States,New Haven,,East Haven,0,0,1,0,,70,,19:26.9,41.279681,-72.879999,0101000020E6100000D06053E7513852C002284696CCA34440
6678129,1432,2113956,Entire home/apt,United States,New Haven,,New Haven,6,4.5,3,1,,65,,19:25.5,41.311366,-72.932859,0101000020E6100000DF313CF6B33B52C00D8B51D7DAA74440
4710265,1432,1513181,Entire home/apt,United States,New Haven,,New Haven,22,4.5,8,3,,78,,19:25.5,41.284226,-72.932417,0101000020E6100000014F5AB8AC3B52C021567F8461A44440
11498625,1432,44209513,Entire home/apt,United States,New Haven,,New Haven,4,5,6,2,,77,,19:25.5,41.318135,-72.907593,0101000020E61000000745F300163A52C0425BCEA5B8A84440
11074966,1432,13219917,Entire home/apt,United States,New Haven,,New Haven,4,5,2,1,,75,,19:25.5,41.327401,-72.91381,0101000020E61000007F30F0DC7B3A52C0BFD6A546E8A94440
18548204,1432,22407866,Entire home/apt,United States,New Haven,,New Haven,0,0,3,0,,80,,19:25.5,41.307682,-72.927807,0101000020E6100000FE7F9C30613B52C0B0C8AF1F62A74440
16346160,1432,107030293,Entire home/apt,United States,New Haven,,New Haven,0,0,2,1,,70,,19:25.5,41.315456,-72.908515,0101000020E61000003A3B191C253A52C0DAA9B9DC60A84440
7601246,1432,13448941,Entire home/apt,United States,New Haven,,New Haven,18,4.5,4,2,,75,,19:25.5,41.314829,-72.946737,0101000020E6100000713AC956973C52C08C6A11514CA84440
17761272,1432,18813689,Entire home/apt,United States,New Haven,,New Haven,4,4.5,2,2,,80,,19:25.5,41.320573,-72.908448,0101000020E610000077871403243A52C0857D3B8908A94440
13457845,1432,26505932,Entire home/apt,United States,New Haven,,New Haven,4,4.5,4,1,,61,,19:25.5,41.32416,-72.961483,0101000020E61000003D2AFEEF883D52C0EF552B137EA94440
7458135,1432,35105005,Entire home/apt,United States,New Haven,,New Haven,4,5,2,1,,70,,19:25.5,41.318148,-72.909007,0101000020E61000007235B22B2D3A52C0D7A4DB12B9A84440
12904748,1432,36083501,Entire home/apt,United States,New Haven,,New Haven,2,0,4,1,,80,,19:25.5,41.313697,-72.918258,0101000020E610000095D233BDC43A52C039ED293927A84440
4856249,1432,5338085,Entire home/apt,United States,New Haven,,New Haven,3,4.5,2,1,,80,,19:25.5,41.314962,-72.912387,0101000020E6100000EA92718C643A52C0CBBDC0AC50A84440
19292636,1432,100437829,Entire home/apt,United States,New Haven,,New Haven,4,5,3,1,,80,,19:25.5,41.307871,-72.918423,0101000020E61000003B394371C73A52C08331225168A74440
13630809,1432,1636112,Entire home/apt,United States,New Haven,,New Haven,0,0,1,0,,72,,19:25.5,41.322439,-72.909843,0101000020E6100000A65F22DE3A3A52C03CFA5FAE45A94440
18518025,1432,1513181,Entire home/apt,United States,New Haven,,New Haven,0,0,3,1,,80,,19:23.8,41.283144,-72.932361,0101000020E610000037C478CDAB3B52C0810706103EA44440
19619086,1432,15896769,Entire home/apt,United States,New Haven,,New Haven,0,0,2,1,,78,,19:23.8,41.315729,-72.915247,0101000020E6100000C6302768933A52C00BB3D0CE69A84440
16462560,1432,7854810,Entire home/apt,United States,New Haven,,New Haven,0,0,2,1,,75,,19:23.8,41.304579,-72.925106,0101000020E610000056D5CBEF343B52C03106D671FCA64440
17925268,1432,103845068,Entire home/apt,United States,New Haven,,New Haven,6,5,3,0,,65,,19:23.8,41.321846,-72.916957,0101000020E6100000A6B5696CAF3A52C0992CEE3F32A94440
635367,1432,3165836,Entire home/apt,United States,New Haven,,New Haven,16,4.5,2,1,,75,,19:23.8,41.314447,-72.916001,0101000020E61000009C86A8C29F3A52C0A4A99ECC3FA84440
17233610,1432,4435274,Entire home/apt,United States,New Haven,,New Haven,12,4.5,5,2,,75,,19:23.7,41.281973,-72.929562,0101000020E6100000AE669DF17D3B52C071ADF6B017A44440
1256838,1432,1965589,Entire home/apt,United States,New Haven,,New Haven,21,5,2,1,,74,,19:23.7,41.305574,-72.919103,0101000020E6100000F4A96395D23A52C00341800C1DA74440
15714815,1432,97242202,Entire home/apt,United States,New Haven,,New Haven,24,4.5,4,1,,70,,19:23.7,41.317813,-72.913146,0101000020E6100000499EEBFB703A52C0309FAC18AEA84440
19474442,1432,8007917,Entire home/apt,United States,New Haven,,New Haven,1,0,2,0,,80,,19:23.7,41.326172,-72.914901,0101000020E6100000F984ECBC8D3A52C07A6F0C01C0A94440
18432452,1432,127756256,Entire home/apt,United States,New Haven,,New Haven,1,0,4,2,,65,,19:23.7,41.321927,-72.909756,0101000020E6100000BFD53A71393A52C0865968E734A94440
3110536,1432,3963063,Entire home/apt,United States,New Haven,,New Haven,94,4.5,2,0,,76,,19:23.7,41.312646,-72.921494,0101000020E6100000745DF8C1F93A52C0D49CBCC804A84440
15589878,1432,100437829,Entire home/apt,United States,New Haven,,New Haven,95,4.5,3,1,,70,,19:23.7,41.308146,-72.919721,0101000020E6100000711C78B5DC3A52C05532005471A74440
7948474,1432,41912987,Entire home/apt,United States,New Haven,,New Haven,143,5,4,2,,65,,19:23.7,41.307856,-72.884682,0101000020E6100000085740A19E3852C04EF04DD367A74440
15497085,1432,26764083,Entire home/apt,United States,New Haven,,New Haven,2,0,2,1,,60,,19:21.9,41.31863,-72.918346,0101000020E6100000651A4D2EC63A52C022C32ADEC8A84440
6957138,1432,36477426,Entire home/apt,United States,New Haven,,New Haven,58,4,2,1,,59,,19:21.9,41.312526,-72.937706,0101000020E6100000D5D00660033C52C029931ADA00A84440
8644608,1432,36477426,Entire home/apt,United States,New Haven,,New Haven,49,4,5,2,,42,,19:20.5,41.299487,-72.934496,0101000020E61000008A8F4FC8CE3B52C0E0490B9755A64440
7680359,1432,36477426,Entire home/apt,United States,New Haven,,New Haven,26,4,4,2,,56,,19:20.5,41.29952,-72.934447,0101000020E61000001A36CAFACD3B52C0BC3FDEAB56A64440
12506127,1432,14313479,Entire home/apt,United States,New Haven,,New Haven,0,0,3,2,,60,,19:20.5,41.311555,-72.923188,0101000020E6100000D1031F83153B52C0E0F3C308E1A74440
18630560,1432,36477426,Entire home/apt,United States,New Haven,,New Haven,1,0,2,0,,47,,19:20.5,41.318882,-72.908785,0101000020E61000001A868F88293A52C03CA41820D1A84440
12795085,1432,69683816,Entire home/apt,United States,New Haven,,New Haven,0,0,2,1,,50,,19:20.5,41.322168,-72.919003,0101000020E6100000427BF5F1D03A52C0ABE80FCD3CA94440
4105228,1432,21296233,Entire home/apt,United States,New Haven,,New Haven,3,5,2,1,,50,,19:20.5,41.309865,-72.934252,0101000020E61000003F8EE6C8CA3B52C0689604A8A9A74440
18462812,1432,57403167,Entire home/apt,United States,New Haven,,New Haven,0,0,2,2,,43,,19:20.5,41.309477,-72.915685,0101000020E6100000041C42959A3A52C09EEE3CF19CA74440
12806824,1432,5637440,Entire home/apt,United States,New Haven,,New Haven,0,0,2,1,,60,,19:20.5,41.310577,-72.935622,0101000020E6100000C2DA183BE13B52C0E5F1B4FCC0A74440
7883889,1432,36477426,Entire home/apt,United States,New Haven,,New Haven,31,4,3,0,,52,,19:20.5,41.298705,-72.934106,0101000020E6100000D53F8864C83B52C06A1327F73BA64440
18239900,1432,44531581,Entire home/apt,United States,New Haven,,New Haven,0,0,2,2,,41,,19:20.5,41.308916,-72.936587,0101000020E6100000F6B6990AF13B52C0079B3A8F8AA74440
19375782,1432,44432982,Entire home/apt,United States,New Haven,,New Haven,0,0,2,0,,60,,19:20.5,41.303413,-72.924462,0101000020E61000004419AA622A3B52C03317B83CD6A64440
11802979,1432,23303720,Entire home/apt,United States,New Haven,,New Haven,4,5,3,0,,50,,19:20.5,41.307312,-72.933185,0101000020E61000008907944DB93B52C08DD5E6FF55A74440
19764564,1432,139483852,Entire home/apt,United States,New Haven,,New Haven,0,0,2,1,,59,,19:20.5,41.322408,-72.964692,0101000020E61000009FAD8383BD3D52C001FC53AA44A94440
6326602,1432,32924195,Entire home/apt,United States,New Haven,,New Haven,13,5,1,1,,48,,19:20.5,41.306935,-72.917756,0101000020E61000004C6DA983BC3A52C0B77F65A549A74440
9478663,1432,36477426,Entire home/apt,United States,New Haven,,New Haven,54,4,2,1,,50,,19:20.5,41.312386,-72.935892,0101000020E6100000A2258FA7E53B52C037DDB243FCA74440
18526619,1432,36708149,Entire home/apt,United States,New Haven,,New Haven,2,0,4,1,,45,,19:20.5,41.310241,-72.933451,0101000020E6100000C95A43A9BD3B52C06D7022FAB5A74440
17762588,1432,121227860,Entire home/apt,United States,New Haven,,West Haven,1,0,5,3,,58,,19:18.0,41.274204,-72.951111,0101000020E61000006AF7AB00DF3C52C05837DE1D19A34440
7708130,1432,36477426,Entire home/apt,United States,New Haven,,New Haven,55,4,2,0,,59,,19:18.0,41.305519,-72.938939,0101000020E6100000187C9A93173C52C03FA7203F1BA74440
15790470,1432,102149207,Entire home/apt,United States,New Haven,,West Haven,4,4.5,2,1,,60,,19:18.0,41.276912,-72.943321,0101000020E610000052280B5F5F3C52C05BEF37DA71A34440
18544898,1432,65828404,Entire home/apt,United States,New Haven,,New Haven,24,5,4,1,,45,,19:18.0,41.323562,-72.912801,0101000020E610000064B0E2546B3A52C03B1DC87A6AA94440
19178031,1432,10294842,Entire home/apt,United States,New Haven,,New Haven,2,0,2,1,,45,,19:18.0,41.309735,-72.934445,0101000020E610000049BA66F2CD3B52C09AB67F65A5A74440
16325520,1432,847540,Entire home/apt,United States,New Haven,,New Haven,2,0,2,1,,60,,19:18.0,41.314121,-72.912808,0101000020E6100000BDE13E726B3A52C050FEEE1D35A84440
19207478,1432,4065316,Entire home/apt,United States,New Haven,,New Haven,5,5,4,2,,52,,19:18.0,41.317295,-72.908797,0101000020E6100000FD6CE4BA293A52C09817601F9DA84440
10923140,1432,56619827,Entire home/apt,United States,New Haven,,New Haven,52,4.5,2,1,,50,,19:18.0,41.323033,-72.908656,0101000020E61000001BD47E6B273A52C0AF43352559A94440
13129468,1432,47255593,Entire home/apt,United States,New Haven,,New Haven,24,5,4,1,,47,,19:18.0,41.330594,-72.977868,0101000020E610000084F3A963953E52C07D2079E750AA4440
18785807,1432,16712443,Entire home/apt,United States,New Haven,,New Haven,4,3.5,2,0,,46,,19:18.0,41.316031,-72.920079,0101000020E610000021AF0793E23A52C0D7C22CB473A84440
16227697,1432,34434628,Entire home/apt,United States,New Haven,,Hamden,9,5,4,1,,58,,19:18.0,41.345072,-72.913878,0101000020E61000002BA226FA7C3A52C0F661BD512BAC4440
16286274,1432,60521134,Entire home/apt,United States,New Haven,,New Haven,5,5,2,1,,60,,19:18.0,41.304405,-72.926385,0101000020E610000051A04FE4493B52C094DE37BEF6A64440
14355437,1432,85763693,Entire home/apt,United States,New Haven,,New Haven,54,4.5,4,1,,60,,19:18.0,41.28401,-72.897494,0101000020E6100000CC96AC8A703952C055DE8E705AA44440
9079299,1432,36477426,Entire home/apt,United States,New Haven,,New Haven,52,4.5,5,2,,50,,19:18.0,41.298565,-72.932573,0101000020E61000007D08AA46AF3B52C0795DBF6037A64440
7586916,1432,32868801,Entire home/apt,United States,New Haven,,New Haven,3,4.5,4,2,,45,,19:18.0,41.286581,-72.893712,0101000020E6100000BC02D193323952C0D653ABAFAEA44440
12008649,1432,8314168,Entire home/apt,United States,New Haven,,New Haven,1,0,1,0,,39,,19:16.3,41.31146,-72.933158,0101000020E61000000D0055DCB83B52C08E01D9EBDDA74440
8164219,1432,43091758,Entire home/apt,United States,New Haven,,New Haven,1,0,3,1,,40,,19:16.3,41.323142,-72.911765,0101000020E6100000CC28965B5A3A52C065FB90B75CA94440
13659594,1432,23268764,Entire home/apt,United States,New Haven,,New Haven,1,0,4,1,,40,,19:16.3,41.317122,-72.915912,0101000020E6100000E5805D4D9E3A52C0CA6B257497A84440
16570132,1432,20150240,Entire home/apt,United States,New Haven,,New Haven,4,5,1,1,,40,,19:16.3,41.317507,-72.927663,0101000020E610000064ADA1D45E3B52C023A0C211A4A84440
16963908,1432,91681870,Entire home/apt,United States,New Haven,,New Haven,7,4.5,4,0,,40,,19:16.3,41.323843,-72.94494,0101000020E6100000AA2B9FE5793C52C0EE04FBAF73A94440
18969310,1432,61479740,Entire home/apt,United States,New Haven,,New Haven,2,0,1,0,,35,,19:16.3,41.311886,-72.935188,0101000020E610000025E7C41EDA3B52C0460A65E1EBA74440
18960978,1432,31844907,Private room,United States,New Haven,,New Haven,13,5,4,5,,75,,19:07.5,41.312033,-72.937908,0101000020E610000008AA46AF063C52C0EA2285B2F0A74440
6476927,1432,33838251,Private room,United States,New Haven,,New Haven,14,4.5,2,1,,105,,18:59.8,41.329862,-72.922106,0101000020E6100000815CE2C8033B52C0B91803EB38AA4440
7618433,1432,39957096,Private room,United States,New Haven,,New Haven,66,5,2,1,,119,,18:59.8,41.253725,-72.901012,0101000020E61000006D533C2EAA3952C0BC96900F7AA04440
18831081,1432,109276389,Private room,United States,New Haven,,New Haven,0,0,3,1,,72,,18:54.7,41.305732,-72.927641,0101000020E6100000705B5B785E3B52C09BABE63922A74440
7331634,1432,14129841,Private room,United States,New Haven,,New Haven,9,4.5,2,1,,75,,18:54.7,41.331672,-72.92231,0101000020E610000085B18520073B52C0DC7F643A74AA4440
15452790,1432,99126712,Private room,United States,New Haven,,New Haven,0,0,2,1,,65,,18:53.9,41.312042,-72.894092,0101000020E610000060E7A6CD383952C03D7D04FEF0A74440
19672503,1432,138526616,Private room,United States,New Haven,,New Haven,0,0,2,1,,69,,18:53.9,41.314798,-72.915792,0101000020E61000000F7C0C569C3A52C0516C054D4BA84440
16488633,1432,312268,Private room,United States,New Haven,,New Haven,8,5,3,2,,75,,18:51.8,41.303359,-72.919392,0101000020E61000000F0D8B51D73A52C040F9BB77D4A64440
3847143,1432,13034458,Private room,United States,New Haven,,New Haven,38,4.5,2,1,,68,,18:51.8,41.321296,-72.967147,0101000020E61000002BDB87BCE53D52C0F52A323A20A94440
16377078,1432,91681870,Private room,United States,New Haven,,New Haven,48,4.5,2,1,,45,,18:47.0,41.306625,-72.914849,0101000020E6100000D0F1D1E28C3A52C06891ED7C3FA74440
18344863,1432,91681870,Private room,United States,New Haven,,New Haven,6,4.5,2,1,,45,,18:47.0,41.307179,-72.915872,0101000020E61000009DD497A59D3A52C04D8237A451A74440
19428519,1432,157782,Private room,United States,New Haven,,New Haven,3,5,3,1,,55,,18:44.8,41.318218,-72.908316,0101000020E6100000BF9B6ED9213A52C0D07F0F5EBBA84440
18704806,1432,29926164,Private room,United States,New Haven,,New Haven,4,4,2,1,,55,,18:43.3,41.311243,-72.935804,0101000020E6100000D3DD7536E43B52C0F10D85CFD6A74440
18344654,1432,91681870,Private room,United States,New Haven,,New Haven,16,4.5,2,1,,45,,18:43.3,41.306155,-72.914247,0101000020E6100000D55DD905833A52C0E140481630A74440
9955308,1432,51158060,Private room,United States,New Haven,,New Haven,1,0,2,1,,20,,18:40.4,41.315031,-72.928634,0101000020E610000009FD4CBD6E3B52C0F31C91EF52A84440
4709948,1432,1513181,Private room,United States,New Haven,,New Haven,19,4,2,1,,35,,18:40.3,41.283232,-72.932533,0101000020E6100000365CE49EAE3B52C0209738F240A44440
19227474,1432,2441513,Private room,United States,New Haven,,New Haven,0,0,2,1,,35,,18:40.3,41.307582,-72.934607,0101000020E610000036E7E099D03B52C04C6BD3D85EA74440
11413856,1432,59926026,Private room,United States,New Haven,,New Haven,0,0,4,1,,243,,18:37.9,41.321282,-72.953659,0101000020E61000004F22C2BF083D52C09065C1C41FA94440
10141669,1432,52018603,Private room,United States,New Haven,,New Haven,7,5,2,1,,169,,18:35.3,41.304335,-72.91792,0101000020E610000009168733BF3A52C09B030473F4A64440
10141893,1432,52018603,Private room,United States,New Haven,,New Haven,3,5,2,1,,139,,18:33.9,41.305225,-72.917912,0101000020E6100000C826F911BF3A52C0F775E09C11A74440
9460290,1432,10373504,Private room,United States,New Haven,,New Haven,1,0,2,1,,130,,18:33.9,41.318768,-72.90878,0101000020E610000091D09673293A52C07381CB63CDA84440
10136214,1432,52018603,Private room,United States,New Haven,,New Haven,9,5,2,1,,129,,18:33.9,41.303368,-72.919634,0101000020E61000008A929048DB3A52C093533BC3D4A64440
3774050,1432,16351157,Private room,United States,New Haven,,New Haven,78,5,1,1,,130,,18:33.9,41.313013,-72.919567,0101000020E6100000C6DE8B2FDA3A52C0861C5BCF10A84440
12738389,1432,61096826,Private room,United States,New Haven,,New Haven,5,5,2,1,,100,,18:32.1,41.312936,-72.916725,0101000020E61000003D9B559FAB3A52C0DBDE6E490EA84440
10990067,1432,46288845,Private room,United States,New Haven,,New Haven,23,5,3,1,,105,,18:32.1,41.324437,-72.910133,0101000020E6100000AA807B9E3F3A52C0624ED02687A94440
10141356,1432,52018603,Private room,United States,New Haven,,New Haven,10,5,2,1,,119,,18:32.1,41.303882,-72.919885,0101000020E61000002EC55565DF3A52C0EAEBF99AE5A64440
7618982,1432,39957096,Private room,United States,New Haven,,New Haven,60,5,2,1,,100,,18:32.1,41.253138,-72.900852,0101000020E610000051A2258FA73952C0FBAF73D366A04440
11003977,1432,57101485,Private room,United States,New Haven,,New Haven,1,0,1,1,,100,,18:30.4,41.318996,-72.947311,0101000020E6100000070951BEA03C52C004C765DCD4A84440
15182029,1432,96174418,Private room,United States,New Haven,,New Haven,0,0,2,1,,95,,18:30.4,41.283677,-72.93737,0101000020E61000001990BDDEFD3B52C04ED026874FA44440
13306542,1432,14315999,Private room,United States,New Haven,,New Haven,5,5,2,1,,87,,18:30.4,41.322142,-72.91911,0101000020E61000004DDBBFB2D23A52C08255F5F23BA94440
13585064,1432,78436311,Private room,United States,New Haven,,New Haven,0,0,2,1,,100,,18:30.4,41.316236,-72.962833,0101000020E61000009DA04D0E9F3D52C0B0E8D66B7AA84440
786459,1432,3165836,Private room,United States,New Haven,,New Haven,33,5,2,1,,99,,18:30.4,41.312756,-72.920666,0101000020E610000081221631EC3A52C05BD07B6308A84440
11652014,1432,61701336,Private room,United States,New Haven,,West Haven,1,0,3,1,,89,,18:30.4,41.274316,-72.952372,0101000020E61000001268B0A9F33C52C0806264C91CA34440
19148574,1432,127418890,Private room,United States,New Haven,,New Haven,0,0,5,0,,97,,18:30.4,41.297113,-72.89295,0101000020E6100000A5BDC117263952C0B51B7DCC07A64440
15170459,1432,96174418,Private room,United States,New Haven,,New Haven,0,0,2,1,,95,,18:30.4,41.292975,-72.933911,0101000020E6100000FA97A432C53B52C0D6C56D3480A54440
449112,1432,2229840,Private room,United States,New Haven,,Woodbridge,22,5,2,1,,100,,18:28.9,41.334127,-72.995756,0101000020E6100000EEB25F77BA3F52C0F5DA6CACC4AA4440
17483428,1432,112005771,Private room,United States,New Haven,,New Haven,0,0,1,1,,85,,18:28.9,41.299556,-72.940213,0101000020E61000008A9125732C3C52C009A9DBD957A64440
18636950,1432,45845725,Private room,United States,New Haven,,New Haven,0,0,2,1,,100,,18:28.9,41.324064,-72.925717,0101000020E61000007B1684F23E3B52C0CDE7DCED7AA94440
9494548,1432,9540243,Private room,United States,New Haven,,New Haven,1,0,2,1,,100,,18:28.9,41.318316,-72.928025,0101000020E6100000B537F8C2643B52C093E52494BEA84440
8401244,1432,44260322,Private room,United States,New Haven,,New Haven,25,5,1,1,,85,,18:28.9,41.311583,-72.919419,0101000020E61000008C14CAC2D73A52C0AA7EA5F3E1A74440
11243346,1432,3165836,Private room,United States,New Haven,,New Haven,43,4.5,2,1,,85,,18:28.9,41.313215,-72.919399,0101000020E6100000683EE76ED73A52C0EECEDA6D17A84440
19670921,1432,52713277,Private room,United States,New Haven,,New Haven,0,0,2,2,,100,,18:28.9,41.260715,-72.893268,0101000020E61000000EA48B4D2B3952C0CF49EF1B5FA14440
13992125,1432,31863266,Private room,United States,New Haven,,New Haven,32,5,2,1,,100,,18:28.9,41.313854,-72.916263,0101000020E61000003BE2900DA43A52C001DC2C5E2CA84440
4924328,1432,25353197,Private room,United States,New Haven,,New Haven,29,5,1,1,,94,,18:28.9,41.306892,-72.916311,0101000020E6100000C37DE4D6A43A52C0B7B3AF3C48A74440
19736791,1432,38301333,Private room,United States,New Haven,,West Haven,0,0,2,1,,85,,18:28.9,41.276097,-72.948467,0101000020E61000007495EEAEB33C52C009C3802557A34440
6153821,1432,31922326,Private room,United States,New Haven,,New Haven,100,4.5,2,1,,85,,18:28.9,41.319989,-72.929038,0101000020E610000071AFCC5B753B52C0350A4966F5A84440
173409,1432,827994,Private room,United States,New Haven,,New Haven,80,5,2,1,,85,,18:28.9,41.257735,-72.893349,0101000020E610000084BA48A12C3952C06C04E275FDA04440
4069198,1432,20377001,Private room,United States,New Haven,,West Haven,72,5,2,1,,95,,18:28.9,41.248785,-72.964991,0101000020E6100000CC7B9C69C23D52C0205ED72FD89F4440
2799075,1432,14315999,Private room,United States,New Haven,,New Haven,157,5,2,1,,87,,18:28.9,41.321908,-72.919575,0101000020E610000007CE1951DA3A52C00F29064834A94440
11949499,1432,39957096,Private room,United States,New Haven,,New Haven,28,4.5,2,1,,95,,18:28.9,41.254673,-72.900806,0101000020E6100000998235CEA63952C04C16F71F99A04440
11608450,1432,3165836,Private room,United States,New Haven,,New Haven,84,5,2,1,,85,,18:28.9,41.312959,-72.920216,0101000020E61000006150A6D1E43A52C093FE5E0A0FA84440
18416498,1432,33838251,Private room,United States,New Haven,,New Haven,2,0,2,1,,80,,18:25.1,41.32965,-72.922193,0101000020E610000068E6C935053B52C02E90A0F831AA4440
3874457,1432,5620689,Private room,United States,New Haven,,New Haven,2,0,2,1,,79,,18:25.1,41.321707,-72.94499,0101000020E6100000034356B77A3C52C078F2E9B12DA94440
15677059,1432,554206,Private room,United States,New Haven,,New Haven,1,0,2,1,,69,,18:25.1,41.328461,-72.969254,0101000020E61000001AE1ED41083E52C0778192020BAA4440
16521180,1432,10827243,Private room,United States,New Haven,,New Haven,0,0,2,1,,80,,18:25.1,41.303832,-72.915075,0101000020E6100000C898BB96903A52C038BD8BF7E3A64440
19472669,1432,136566933,Private room,United States,New Haven,,New Haven,0,0,2,1,,78,,18:25.1,41.314789,-72.915958,0101000020E61000009DA04D0E9F3A52C0FD1186014BA84440
15476363,1432,99335298,Private room,United States,New Haven,,West Haven,0,0,2,1,,70,,18:25.1,41.298908,-72.964358,0101000020E6100000B4E89D0AB83D52C0A2410A9E42A64440
4097889,1432,13034458,Private room,United States,New Haven,,New Haven,32,4.5,2,1,,75,,18:25.1,41.321953,-72.967181,0101000020E61000000114234BE63D52C0AFEC82C135A94440
6504110,1432,33838251,Private room,United States,New Haven,,New Haven,14,4.5,1,1,,65,,18:25.1,41.330613,-72.920798,0101000020E6100000390EBC5AEE3A52C0F450DB8651AA4440
12039681,1432,57101485,Private room,United States,New Haven,,New Haven,5,5,1,1,,75,,18:25.1,41.318869,-72.946018,0101000020E610000059DB148F8B3C52C0A75A0BB3D0A84440
16616667,1432,109687741,Private room,United States,New Haven,,New Haven,2,0,2,1,,66,,18:25.1,41.322901,-72.867933,0101000020E6100000A087DA368C3752C0406CE9D154A94440
1021190,1432,5620689,Private room,United States,New Haven,,New Haven,45,4.5,2,1,,69,,18:25.1,41.321292,-72.9437,0101000020E61000000E4FAF94653C52C0B43BA41820A94440
7461764,1432,1433442,Private room,United States,New Haven,,New Haven,50,5,2,1,,70,,18:25.1,41.309428,-72.934108,0101000020E6100000A5BBEB6CC83B52C0BC3B32569BA74440
2057747,1432,10536648,Private room,United States,New Haven,,New Haven,40,5,1,1,,65,,18:25.1,41.318972,-72.911521,0101000020E610000080272D5C563A52C07C2B1213D4A84440
11608443,1432,3165836,Private room,United States,New Haven,,New Haven,42,5,1,1,,75,,18:25.1,41.312621,-72.920475,0101000020E61000004772F90FE93A52C07B8505F703A84440
19468069,1432,136566933,Private room,United States,New Haven,,New Haven,0,0,2,1,,78,,18:25.1,41.31437,-72.914784,0101000020E6100000DCB930D28B3A52C0F86BB2463DA84440
18794880,1432,19131569,Private room,United States,New Haven,,New Haven,0,0,2,1,,75,,18:23.2,41.307893,-72.939121,0101000020E6100000287FF78E1A3C52C06BD5AE0969A74440
17936086,1432,18813689,Private room,United States,New Haven,,New Haven,10,4.5,2,1,,60,,18:23.2,41.321087,-72.908089,0101000020E6100000DF3653211E3A52C0DB15FA6019A94440
4728682,1432,20377001,Private room,United States,New Haven,,West Haven,25,5,1,1,,80,,18:23.2,41.248598,-72.965735,0101000020E610000090662C9ACE3D52C0EEEC2B0FD29F4440
1111945,1432,3142101,Private room,United States,New Haven,,New Haven,61,4.5,2,1,,75,,18:23.2,41.310675,-72.948645,0101000020E6100000E4A08499B63C52C0A857CA32C4A74440
9281240,1432,31391238,Private room,United States,New Haven,,New Haven,8,4.5,1,2,,78,,18:23.1,41.306712,-72.936012,0101000020E6100000782AE09EE73B52C037A5BC5642A74440
18293087,1432,28016625,Private room,United States,New Haven,,New Haven,5,5,4,2,,66,,18:23.1,41.32716,-72.968072,0101000020E6100000180B43E4F43D52C09947FE60E0A94440
8684504,1432,25798357,Private room,United States,New Haven,,New Haven,32,4.5,2,1,,75,,18:23.1,41.322308,-72.917444,0101000020E610000055FA0967B73A52C09D9E776341A94440
1846882,1432,9647631,Private room,United States,New Haven,,New Haven,100,4.5,2,1,,65,,18:23.1,41.321397,-72.908376,0101000020E61000002A1E17D5223A52C02904728923A94440
12434142,1432,33838251,Private room,United States,New Haven,,New Haven,15,4.5,2,1,,78,,18:23.1,41.328156,-72.919721,0101000020E6100000711C78B5DC3A52C03BFE0B0401AA4440
16207135,1432,8773268,Private room,United States,New Haven,,New Haven,9,5,2,1,,71,,18:23.1,41.319515,-72.910771,0101000020E61000004BC972124A3A52C06DCA15DEE5A84440
15564149,1432,670094,Private room,United States,New Haven,,New Haven,31,5,1,1,,68,,18:23.1,41.316597,-72.917683,0101000020E610000017467A51BB3A52C08081204086A84440
10850034,1432,54639357,Private room,United States,New Haven,,New Haven,80,5,1,1,,65,,18:23.1,41.310193,-72.920613,0101000020E610000070D1C952EB3A52C05C397B67B4A74440
15617422,1432,29664148,Private room,United States,New Haven,,New Haven,37,5,2,1,,68,,18:23.1,41.314077,-72.916817,0101000020E6100000ADDA3521AD3A52C080B6D5AC33A84440
11443098,1432,3165836,Private room,United States,New Haven,,New Haven,63,5,1,1,,75,,18:23.1,41.314899,-72.920316,0101000020E6100000137F1475E63A52C08445459C4EA84440
8619549,1432,45336064,Private room,United States,New Haven,,New Haven,10,4.5,1,1,,55,,18:22.0,41.29738,-72.935882,0101000020E610000091BA9D7DE53B52C0033E3F8C10A64440
7051298,1432,12386092,Private room,United States,New Haven,,New Haven,2,0,1,1,,60,,18:22.0,41.309055,-72.93254,0101000020E61000008F8D40BCAE3B52C028D53E1D8FA74440
14078677,1432,45336064,Private room,United States,New Haven,,New Haven,0,0,1,1,,55,,18:21.0,41.297508,-72.937371,0101000020E6100000014EEFE2FD3B52C03126FDBD14A64440
9829137,1432,45336064,Private room,United States,New Haven,,New Haven,5,4.5,1,1,,55,,18:21.0,41.297432,-72.936205,0101000020E6100000825660C8EA3B52C05664744012A64440
9829257,1432,45336064,Private room,United States,New Haven,,New Haven,3,5,1,1,,55,,18:21.0,41.297463,-72.935465,0101000020E61000005E6397A8DE3B52C09162804413A64440
8619902,1432,45336064,Private room,United States,New Haven,,New Haven,12,5,1,1,,55,,18:21.0,41.297376,-72.93832,0101000020E6100000B24B546F0D3C52C0C24EB16A10A64440
10577778,1432,45336064,Private room,United States,New Haven,,New Haven,25,5,1,1,,55,,18:21.0,41.299102,-72.935083,0101000020E6100000EB025E66D83B52C087156EF948A64440
11820095,1432,45336064,Private room,United States,New Haven,,New Haven,5,5,1,1,,55,,18:21.0,41.297301,-72.936388,0101000020E61000007A17EFC7ED3B52C0B7088CF50DA64440
18196206,1432,54537362,Private room,United States,New Haven,,New Haven,0,0,2,1,,50,,18:21.0,41.305895,-72.933236,0101000020E6100000CADC7C23BA3B52C045813E9127A74440
9829212,1432,45336064,Private room,United States,New Haven,,New Haven,15,5,1,1,,55,,18:21.0,41.298579,-72.935216,0101000020E61000008AAC3594DA3B52C0DD2230D637A64440
10898483,1432,28090933,Private room,United States,New Haven,,New Haven,0,0,1,1,,45,,18:21.0,41.309271,-72.93631,0101000020E6100000BD3AC780EC3B52C0F54C2F3196A74440
9778992,1432,45336064,Private room,United States,New Haven,,New Haven,30,5,1,1,,55,,18:21.0,41.298582,-72.935827,0101000020E6100000AFEDED96E43B52C04F965AEF37A64440
3083237,1432,14063610,Private room,United States,New Haven,,New Haven,1,0,2,1,,45,,18:21.0,41.305889,-72.927984,0101000020E610000085CD0017643B52C0639AE95E27A74440
9778742,1432,45336064,Private room,United States,New Haven,,New Haven,42,5,1,1,,55,,18:21.0,41.2986,-72.934746,0101000020E61000004704E3E0D23B52C0F54A598638A64440
19091856,1432,20150240,Private room,United States,New Haven,,New Haven,0,0,1,1,,40,,18:21.0,41.321884,-72.962311,0101000020E61000003065E080963D52C0868DB27E33A94440
13094166,1432,9235445,Private room,United States,New Haven,,New Haven,1,0,2,2,,55,,18:21.0,41.317784,-72.909584,0101000020E6100000C03DCF9F363A52C096986725ADA84440
12164999,1432,26505932,Private room,United States,New Haven,,New Haven,0,0,2,1,,55,,18:21.0,41.325884,-72.966262,0101000020E61000008657923CD73D52C014252191B6A94440
6464491,1432,1891437,Private room,United States,New Haven,,New Haven,3,5,1,1,,50,,18:21.0,41.31987,-72.913951,0101000020E610000060C9552C7E3A52C05B7C0A80F1A84440
18682792,1432,129864892,Private room,United States,New Haven,,New Haven,0,0,2,2,,55,,18:19.0,41.320549,-72.918011,0101000020E6100000929735B1C03A52C0FCE1E7BF07A94440
15219809,1432,7785331,Private room,United States,New Haven,,New Haven,11,5,1,1,,50,,18:19.0,41.316658,-72.91268,0101000020E6100000A6ED5F59693A52C02502D53F88A84440
9475146,1432,45336064,Private room,United States,New Haven,,New Haven,22,5,1,1,,55,,18:19.0,41.297016,-72.93665,0101000020E61000001973D712F23B52C0C231CB9E04A64440
1696352,1432,6043991,Private room,United States,New Haven,,New Haven,35,5,2,2,,55,,18:19.0,41.320446,-72.900832,0101000020E61000002DCC423BA73952C02711E15F04A94440
19731051,1432,157782,Private room,United States,New Haven,,New Haven,0,0,2,1,,45,,18:19.0,41.317885,-72.910096,0101000020E61000001B0E4B033F3A52C0C971A774B0A84440
9913341,1432,50970553,Private room,United States,New Haven,,New Haven,0,0,4,4,,50,,18:18.9,41.325256,-72.9496,0101000020E61000000612143FC63C52C0F56915FDA1A94440
4799492,1432,9880948,Private room,United States,New Haven,,New Haven,24,4.5,2,1,,54,,18:18.9,41.314778,-72.889414,0101000020E6100000B1A6B228EC3852C009C03FA54AA84440
17925121,1432,2343138,Private room,United States,New Haven,,New Haven,6,4.5,2,1,,50,,18:18.9,41.330495,-72.919584,0101000020E6100000317BD976DA3A52C0EA3E00A94DAA4440
14249148,1432,12177682,Private room,United States,New Haven,,New Haven,4,5,2,1,,59,,18:18.9,41.325139,-72.962969,0101000020E6100000F583BA48A13D52C0BBD39D279EA94440
6980992,1432,10077713,Private room,United States,New Haven,,New Haven,0,0,2,1,,60,,18:18.9,41.312444,-72.934643,0101000020E6100000DC9BDF30D13B52C06CEA3C2AFEA74440
12360913,1432,26505932,Private room,United States,New Haven,,New Haven,20,5,5,1,,51,,18:18.9,41.319973,-72.969443,0101000020E61000008315A75A0B3E52C02F4D11E0F4A84440
7782714,1432,40950891,Private room,United States,New Haven,,New Haven,2,0,1,1,,50,,18:18.9,41.267798,-72.897087,0101000020E6100000ACAA97DF693952C094F7713447A24440
10577826,1432,45336064,Private room,United States,New Haven,,New Haven,6,5,1,1,,55,,18:18.9,41.298294,-72.93662,0101000020E6100000E4310395F13B52C0E84B6F7F2EA64440
9690109,1432,50048599,Private room,United States,New Haven,,New Haven,2,0,1,1,,59,,18:18.9,41.325841,-72.969898,0101000020E61000002C9D0FCF123E52C014596B28B5A94440
12928967,1432,26896746,Private room,United States,New Haven,,New Haven,0,0,2,1,,50,,18:18.9,41.316311,-72.919204,0101000020E61000008D96033DD43A52C0BA2EFCE07CA84440
12812616,1432,22904091,Private room,United States,New Haven,,New Haven,5,4,1,1,,45,,18:18.9,41.316032,-72.926558,0101000020E610000038F6ECB94C3B52C0A73E90BC73A84440
5511659,1432,28588255,Private room,United States,New Haven,,West Haven,16,5,2,1,,50,,18:17.1,41.27234,-72.945312,0101000020E61000000C21E7FD7F3C52C042B28009DCA24440
8688273,1432,41960429,Private room,United States,New Haven,,Hamden,23,5,2,1,,48,,18:17.1,41.336506,-72.899849,0101000020E6100000A7954220973952C03274ECA012AB4440
19734821,1432,157782,Private room,United States,New Haven,,New Haven,0,0,3,1,,49,,18:17.1,41.317905,-72.908859,0101000020E6100000386BF0BE2A3A52C0111E6D1CB1A84440
19594943,1432,130428855,Private room,United States,New Haven,,New Haven,0,0,2,1,,54,,18:17.1,41.314444,-72.94355,0101000020E610000003098A1F633C52C0333674B33FA84440
5925525,1432,905301,Private room,United States,New Haven,,New Haven,1,0,2,1,,50,,18:17.1,41.319745,-72.912278,0101000020E61000000FB743C3623A52C09E077767EDA84440
12605000,1432,65758336,Private room,United States,New Haven,,Hamden,6,5,1,1,,50,,18:17.1,41.348707,-72.917044,0101000020E61000008E3F51D9B03A52C07171546EA2AC4440
7305834,1432,805608,Private room,United States,New Haven,,West Haven,1,0,1,3,,50,,18:17.1,41.272885,-72.953572,0101000020E61000006798DA52073D52C0D4484BE5EDA24440
2070869,1432,9880948,Private room,United States,New Haven,,New Haven,33,4.5,2,1,,45,,18:17.1,41.314049,-72.887403,0101000020E6100000D4D7F335CB3852C0B62BF4C132A84440
8011287,1432,4326636,Private room,United States,New Haven,,New Haven,49,5,1,1,,43,,18:17.0,41.330544,-72.924293,0101000020E6100000FEBAD39D273B52C0CCF10A444FAA4440
4216137,1432,21880983,Private room,United States,New Haven,,East Haven,5,5,2,1,,50,,18:17.0,41.278983,-72.879835,0101000020E610000013B875374F3852C0EA9106B7B5A34440
14533406,1432,17863617,Private room,United States,New Haven,,New Haven,21,4.5,2,1,,55,,18:17.0,41.308812,-72.935167,0101000020E61000001A53B0C6D93B52C0624ED02687A74440
17283701,1432,116576108,Private room,United States,New Haven,,New Haven,8,5,4,2,,49,,18:17.0,41.326989,-72.947708,0101000020E6100000168A743FA73C52C06C938AC6DAA94440
13762000,1432,80691387,Private room,United States,New Haven,,New Haven,3,4.5,2,1,,48,,18:17.0,41.310725,-72.934086,0101000020E6100000B169A510C83B52C0598638D6C5A74440
15972741,1432,103753560,Private room,United States,New Haven,,West Haven,1,0,2,1,,50,,18:17.0,41.282598,-72.967967,0101000020E6100000DD26DC2BF33D52C01FF5D72B2CA44440
16456300,1432,105394031,Private room,United States,New Haven,,New Haven,18,4.5,2,1,,50,,18:17.0,41.317119,-72.912009,0101000020E6100000172AFF5A5E3A52C059F8FA5A97A84440
764717,1432,4031201,Private room,United States,New Haven,,Hamden,79,5,2,1,,50,,18:14.8,41.347759,-72.915642,0101000020E61000000536E7E0993A52C0E1F1ED5D83AC4440
18411993,1432,121227860,Private room,United States,New Haven,,West Haven,2,0,2,1,,45,,18:14.8,41.275819,-72.949295,0101000020E610000068D0D03FC13C52C0C64E78094EA34440
4663469,1432,1513181,Private room,United States,New Haven,,New Haven,56,4.5,2,1,,40,,18:14.8,41.283216,-72.930868,0101000020E610000026396057933B52C01BDA006C40A44440
13274627,1432,1004705,Private room,United States,New Haven,,New Haven,15,5,2,1,,55,,18:14.8,41.303553,-72.892856,0101000020E610000064027E8D243952C025CD1FD3DAA64440
12814393,1432,45211673,Private room,United States,New Haven,,New Haven,9,5,2,1,,53,,18:14.8,41.323743,-72.922769,0101000020E6100000CF30B5A50E3B52C08BA71E6970A94440
17388068,1432,108855666,Private room,United States,New Haven,,West Haven,2,0,2,1,,50,,18:14.8,41.261639,-72.937116,0101000020E6100000BC2363B5F93B52C0D82D02637DA14440
19675104,1432,2043767,Private room,United States,New Haven,,New Haven,0,0,1,1,,55,,18:14.8,41.316785,-72.914388,0101000020E6100000B6F63E55853A52C0836E2F698CA84440
18629285,1432,16371862,Private room,United States,New Haven,,New Haven,0,0,1,1,,45,,18:14.8,41.312382,-72.914521,0101000020E610000055A01683873A52C0F6ED2422FCA74440
14085430,1432,84575651,Private room,United States,New Haven,,West Haven,52,5,2,1,,55,,18:14.8,41.25192,-72.969614,0101000020E61000009AEFE0270E3E52C0AA9A20EA3EA04440
15703150,1432,34232624,Private room,United States,New Haven,,New Haven,5,4.5,2,1,,51,,18:14.8,41.313247,-72.93414,0101000020E6100000AB7823F3C83B52C0F9484A7A18A84440
17844381,1432,119781216,Private room,United States,New Haven,,New Haven,8,4.5,2,0,,50,,18:14.8,41.312676,-72.932761,0101000020E6100000FE7E315BB23B52C03F1F65C405A84440
15581908,1432,43668553,Private room,United States,New Haven,,Hamden,21,5,2,1,,42,,18:14.8,41.349768,-72.94861,0101000020E610000026AAB706B63C52C0FA97A432C5AC4440
19037831,1432,50970553,Private room,United States,New Haven,,New Haven,1,0,1,1,,45,,18:14.8,41.324895,-72.948417,0101000020E61000001C7E37DDB23C52C024D1CB2896A94440
14472277,1432,8007917,Private room,United States,New Haven,,New Haven,47,5,2,1,,57,,18:13.8,41.312156,-72.93438,0101000020E61000005682C5E1CC3B52C006A051BAF4A74440
18214527,1432,3151473,Private room,United States,New Haven,,New Haven,3,5,3,1,,41,,18:13.8,41.312138,-72.889623,0101000020E61000003EB14E95EF3852C05FEB5223F4A74440
16253547,1432,102149207,Private room,United States,New Haven,,West Haven,15,4.5,2,1,,50,,18:13.8,41.276833,-72.941327,0101000020E6100000E0F599B33E3C52C00FBA84436FA34440
10655462,1432,55030392,Private room,United States,New Haven,,New Haven,51,4.5,2,1,,44,,18:13.8,41.306888,-72.938537,0101000020E610000080457EFD103C52C076C4211B48A74440
12644642,1432,68675833,Private room,United States,New Haven,,New Haven,25,5,2,1,,55,,18:13.8,41.304624,-72.89319,0101000020E610000050C763062A3952C0D1C952EBFDA64440
13276329,1432,52356481,Private room,United States,New Haven,,New Haven,37,4.5,2,1,,42,,18:13.8,41.32261,-72.911844,0101000020E610000072C3EFA65B3A52C068AED3484BA94440
18601781,1432,15382412,Private room,United States,New Haven,,New Haven,7,5,2,1,,60,,18:13.8,41.318724,-72.924979,0101000020E6100000279F1EDB323B52C0A439B2F2CBA84440
824096,1432,4326636,Private room,United States,New Haven,,New Haven,44,5,1,1,,45,,18:13.8,41.33104,-72.922934,0101000020E61000007497C459113B52C07CD5CA845FAA4440
4799553,1432,24729596,Private room,United States,New Haven,,Hamden,135,5,2,1,,47,,18:13.7,41.331098,-72.898357,0101000020E61000007EC85BAE7E3952C0B0E2546B61AA4440
7948963,1432,41912987,Private room,United States,New Haven,,New Haven,126,5,2,1,,50,,18:13.7,41.308933,-72.882714,0101000020E61000002B6EDC627E3852C0DDD3D51D8BA74440
13245560,1432,72797205,Private room,United States,New Haven,,New Haven,25,5,2,1,,50,,18:13.7,41.303553,-72.893473,0101000020E6100000FAB660A92E3952C025CD1FD3DAA64440
18752525,1432,60258940,Private room,United States,New Haven,,New Haven,12,5,2,1,,53,,18:13.7,41.307179,-72.926409,0101000020E6100000166EF9484A3B52C04D8237A451A74440
8537302,1432,44946826,Private room,United States,New Haven,,New Haven,239,5,2,1,,60,,18:13.7,41.318525,-72.916224,0101000020E6100000DCF3FC69A33A52C0ADFA5C6DC5A84440
19197767,1432,134301332,Private room,United States,New Haven,,New Haven,7,5,2,1,,60,,18:13.7,41.311701,-72.917434,0101000020E6100000438F183DB73A52C0B49080D1E5A74440
18748523,1432,130428855,Private room,United States,New Haven,,New Haven,6,5,2,1,,60,,18:13.7,41.315827,-72.943099,0101000020E6100000FB78E8BB5B3C52C0CE18E6046DA84440
15603478,1432,16188216,Private room,United States,New Haven,,New Haven,122,5,2,1,,46,,18:13.7,41.312899,-72.936296,0101000020E61000000AD80E46EC3B52C0BEF90D130DA84440
4932796,1432,11931672,Private room,United States,New Haven,,New Haven,2,0,1,1,,35,,18:12.6,41.32293,-72.931099,0101000020E6100000A7954220973B52C0DA722EC555A94440
6156063,1432,11931672,Private room,United States,New Haven,,New Haven,10,3.5,1,1,,40,,18:12.6,41.315448,-72.94712,0101000020E6100000CD58349D9D3C52C058CB9D9960A84440
9258591,1432,11931672,Private room,United States,New Haven,,New Haven,10,4,1,1,,30,,18:12.6,41.321438,-72.932058,0101000020E610000069FE98D6A63B52C088D860E124A94440
4862786,1432,11931672,Private room,United States,New Haven,,New Haven,10,4.5,1,1,,32,,18:12.6,41.320719,-72.931069,0101000020E610000071546EA2963B52C0581AF8510DA94440
18608569,1432,31844907,Private room,United States,New Haven,,New Haven,10,5,3,5,,35,,18:12.6,41.3135,-72.938614,0101000020E610000056647440123C52C0E3A59BC420A84440
14726769,1432,91681870,Private room,United States,New Haven,,New Haven,67,4.5,2,1,,34,,18:12.6,41.323612,-72.943546,0101000020E61000006211C30E633C52C0EC4B361E6CA94440
15052180,1432,91681870,Private room,United States,New Haven,,New Haven,75,4.5,2,1,,34,,18:12.6,41.325076,-72.945172,0101000020E61000001346B3B27D3C52C0755B22179CA94440
11990346,1432,51083277,Private room,United States,New Haven,,West Haven,36,4,2,1,,30,,18:12.6,41.249516,-72.982143,0101000020E6100000B33F506EDB3E52C014EAE923F09F4440
15256734,1432,11931672,Private room,United States,New Haven,,New Haven,1,0,1,1,,30,,18:12.6,41.315426,-72.947071,0101000020E61000005CFFAECF9C3C52C0702711E15FA84440
19623165,1432,31844907,Private room,United States,New Haven,,New Haven,3,4.5,2,5,,34,,18:10.9,41.313698,-72.937394,0101000020E6100000DD5D6743FE3B52C00A698D4127A84440
13018134,1432,865978,Private room,United States,New Haven,,New Haven,0,0,1,1,,19,,18:10.9,41.313414,-72.933764,0101000020E6100000A88B14CAC23B52C0E50D30F31DA84440
14221648,1432,86409047,Private room,United States,New Haven,,New Haven,3,4.5,1,1,,37,,18:10.9,41.30505,-72.917507,0101000020E610000078B6476FB83A52C089D2DEE00BA74440
7086633,1432,36895825,Private room,United States,New Haven,,New Haven,1,0,1,1,,25,,18:10.9,41.31179,-72.933181,0101000020E6100000E90FCD3CB93B52C0249C16BCE8A74440
7513447,1432,33239357,Private room,United States,New Haven,,New Haven,1,0,2,1,,15,,18:10.9,41.320782,-72.926008,0101000020E610000066F50EB7433B52C09F9273620FA94440
12710760,1432,69100514,Private room,United States,New Haven,,New Haven,3,4.5,2,1,,40,,18:10.9,41.305017,-72.900433,0101000020E61000004FCFBBB1A03952C0ADDC0BCC0AA74440
16976290,1432,16238421,Private room,United States,New Haven,,New Haven,12,5,2,1,,25,,18:10.9,41.324404,-72.913021,0101000020E6100000EBE3A1EF6E3A52C08658FD1186A94440
9058830,1432,47255593,Private room,United States,New Haven,,New Haven,7,4.5,2,1,,20,,18:10.9,41.328979,-72.97684,0101000020E61000002D5BEB8B843E52C00F09DFFB1BAA4440
6602887,1432,34545613,Private room,United States,New Haven,,New Haven,0,0,2,1,,40,,18:10.9,41.311697,-72.916645,0101000020E6100000AF42CA4FAA3A52C073A1F2AFE5A74440
6060831,1432,1887005,Private room,United States,New Haven,,New Haven,1,0,1,1,,30,,18:10.9,41.308524,-72.935016,0101000020E6100000274F594DD73B52C0FB03E5B67DA74440
6975506,1432,34460419,Private room,United States,New Haven,,New Haven,0,0,1,1,,40,,18:10.9,41.306152,-72.935112,0101000020E6100000388600E0D83B52C070CD1DFD2FA74440
10790410,1432,37974359,Private room,United States,New Haven,,New Haven,16,4,2,1,,22,,18:10.9,41.315893,-72.927737,0101000020E61000008192020B603B52C086048C2E6FA84440
19469531,1432,13448941,Private room,United States,New Haven,,New Haven,0,0,2,1,,24,,18:09.4,41.315045,-72.945069,0101000020E6100000A9DDAF027C3C52C058E2016553A84440
16363625,1432,91681870,Private room,United States,New Haven,,New Haven,40,4.5,2,1,,35,,18:09.4,41.306086,-72.914172,0101000020E6100000CFBA46CB813A52C0B9E177D32DA74440
18142059,1432,10352039,Private room,United States,New Haven,,New Haven,0,0,1,1,,32,,18:09.4,41.311689,-72.945793,0101000020E610000049F25CDF873C52C0F0C2D66CE5A74440
17302002,1432,116740412,Private room,United States,New Haven,,Hamden,0,0,1,1,,40,,18:09.4,41.338875,-72.937482,0101000020E6100000ADA580B4FF3B52C04C37894160AB4440
6514642,1432,3789604,Private room,United States,New Haven,,New Haven,2,0,2,1,,22,,18:09.4,41.306648,-72.914757,0101000020E61000005FB2F1608B3A52C021B1DD3D40A74440
18690585,1432,31844907,Private room,United States,New Haven,,New Haven,8,4.5,3,5,,34,,18:09.4,41.312063,-72.937899,0101000020E6100000DFFC8689063C52C055A52DAEF1A74440
17480954,1432,85763693,Private room,United States,New Haven,,New Haven,3,4.5,1,1,,31,,18:09.4,41.325947,-72.975776,0101000020E6100000300E2E1D733E52C05A9D9CA1B8A94440
13758615,1432,26505932,Private room,United States,New Haven,,New Haven,3,5,2,1,,36,,18:09.4,41.32864,-72.969254,0101000020E61000001AE1ED41083E52C0271422E010AA4440
19532021,1432,37897627,Private room,United States,New Haven,,New Haven,0,0,1,1,,31,,18:09.4,41.31305,-72.933947,0101000020E6100000A14CA3C9C53B52C0A301BC0512A84440
12915105,1432,32267033,Private room,United States,New Haven,,New Haven,4,4.5,1,1,,40,,18:09.4,41.317707,-72.926018,0101000020E6100000786000E1433B52C0EA5A7B9FAAA84440
14450828,1432,74505327,Private room,United States,New Haven,,West Haven,15,4,5,1,,35,,18:09.4,41.250189,-72.983639,0101000020E61000007D04FEF0F33E52C0D368723106A04440
19517206,1432,61594844,Private room,United States,New Haven,,New Haven,0,0,1,1,,27,,18:09.4,41.306891,-72.935003,0101000020E61000005CAAD216D73B52C0E7374C3448A74440
10270725,1432,52811583,Private room,United States,New Haven,,Hamden,0,0,1,1,,30,,18:08.3,41.347985,-72.947775,0101000020E6100000D93D7958A83C52C0D13FC1C58AAC4440
9939370,1432,51083277,Private room,United States,New Haven,,West Haven,46,4.5,2,1,,30,,18:08.3,41.249934,-72.983522,0101000020E610000060394206F23E52C049145AD6FD9F4440
9986208,1432,49881645,Private room,United States,New Haven,,West Haven,8,5,1,1,,34,,18:08.3,41.270895,-72.939904,0101000020E61000004B581B63273C52C031D3F6AFACA24440
18527408,1432,336595,Private room,United States,New Haven,,New Haven,1,0,2,1,,35,,18:08.3,41.307157,-72.930621,0101000020E610000022FE614B8F3B52C065DEAAEB50A74440
12730521,1432,69100514,Private room,United States,New Haven,,New Haven,10,4.5,2,1,,40,,18:08.3,41.306191,-72.899865,0101000020E61000002A745E63973952C02EAA454431A74440
7037221,1432,36895825,Private room,United States,New Haven,,New Haven,1,0,1,1,,25,,18:08.3,41.311452,-72.933523,0101000020E610000015C440D7BE3B52C00C23BDA8DDA74440
15838982,1432,16238421,Private room,United States,New Haven,,New Haven,60,5,2,1,,35,,18:08.3,41.324552,-72.912795,0101000020E6100000F33CB83B6B3A52C0FAEC80EB8AA94440
6613396,1432,15355962,Private room,United States,New Haven,,New Haven,5,4,1,1,,30,,18:08.3,41.315494,-72.913455,0101000020E610000088D7F50B763A52C0C80A7E1B62A84440
11740464,1432,62459051,Private room,United States,New Haven,,New Haven,3,4.5,2,1,,37,,18:08.2,41.319357,-72.955212,0101000020E6100000CB2F8331223D52C0D45FAFB0E0A84440
12294315,1432,13275613,Private room,United States,New Haven,,New Haven,1,0,1,1,,30,,18:08.2,41.305319,-72.932422,0101000020E61000008A0453CDAC3B52C078EC67B114A74440
19202014,1432,16371862,Private room,United States,New Haven,,New Haven,2,0,1,1,,40,,18:08.2,41.312524,-72.916244,0101000020E610000000CADFBDA33A52C0899B53C900A84440
17736168,1432,20731277,Private room,United States,New Haven,,New Haven,2,0,2,0,,35,,18:08.2,41.309162,-72.951605,0101000020E6100000726DA818E73C52C03E95D39E92A74440
18634998,1432,1673498,Private room,United States,New Haven,,New Haven,2,0,2,1,,38,,18:08.2,41.320249,-72.91022,0101000020E6100000910A630B413A52C0D1C952EBFDA84440
13564906,1432,78188865,Private room,United States,New Haven,,New Haven,0,0,1,1,,20,,18:08.2,41.315394,-72.917431,0101000020E61000008A558330B73A52C064ADA1D45EA84440
19413212,1432,33126922,Private room,United States,New Haven,,New Haven,0,0,2,2,,26,,18:06.8,41.309549,-72.93537,0101000020E610000036EA211ADD3B52C037C1374D9FA74440
19469014,1432,136578396,Private room,United States,New Haven,,New Haven,0,0,2,1,,35,,18:06.8,41.310797,-72.933936,0101000020E6100000A723809BC53B52C0F3583332C8A74440
19377479,1432,135825752,Private room,United States,New Haven,,New Haven,0,0,2,1,,40,,18:06.8,41.31219,-72.920213,0101000020E6100000A91611C5E43A52C0B21188D7F5A74440
5998936,1432,28588255,Private room,United States,New Haven,,West Haven,8,5,1,1,,40,,18:06.8,41.270559,-72.945319,0101000020E61000006552431B803C52C0B95164ADA1A24440
19018703,1432,16371862,Private room,United States,New Haven,,New Haven,6,4.5,2,1,,25,,18:06.8,41.313063,-72.914702,0101000020E61000007EE5417A8A3A52C0384BC97212A84440
10905216,1432,56496707,Private room,United States,New Haven,,West Haven,13,4.5,2,1,,30,,18:06.8,41.251583,-72.981891,0101000020E6100000274F594DD73E52C0629D2ADF33A04440
13249669,1432,74505327,Private room,United States,New Haven,,West Haven,43,4,4,1,,35,,18:06.8,41.249454,-72.983588,0101000020E61000003C2F151BF33E52C09EEDD11BEE9F4440
18738071,1432,61594844,Private room,United States,New Haven,,New Haven,0,0,1,1,,26,,18:06.8,41.308739,-72.933551,0101000020E61000007A89B14CBF3B52C0F8FF71C284A74440
18591360,1432,129098211,Private room,United States,New Haven,,New Haven,2,0,1,1,,22,,18:06.8,41.310387,-72.933963,0101000020E6100000242BBF0CC63B52C0410DDFC2BAA74440
19332022,1432,37897627,Private room,United States,New Haven,,New Haven,5,5,2,1,,35,,18:06.8,41.311157,-72.933622,0101000020E6100000DF347D76C03B52C0F37519FED3A74440
18490360,1432,2696349,Private room,United States,New Haven,,New Haven,1,0,2,0,,40,,18:06.8,41.310342,-72.936376,0101000020E610000098309A95ED3B52C0A1496249B9A74440
9939413,1432,51083277,Private room,United States,New Haven,,West Haven,23,4,2,1,,30,,18:06.8,41.249395,-72.983972,0101000020E6100000800BB265F93E52C09964E42CEC9F4440
15133270,1432,95951520,Private room,United States,New Haven,,New Haven,16,4.5,1,1,,38,,18:06.8,41.311711,-72.941721,0101000020E6100000363D2828453C52C0D8666325E6A74440
18344427,1432,91681870,Private room,United States,New Haven,,New Haven,23,4.5,2,1,,30,,18:06.8,41.306195,-72.914893,0101000020E6100000B8955E9B8D3A52C07099D36531A74440
17571845,1432,67322920,Private room,United States,New Haven,,New Haven,24,5,1,1,,40,,18:06.8,41.294649,-72.932414,0101000020E61000004815C5ABAC3B52C04966F50EB7A54440
13081796,1432,16238421,Private room,United States,New Haven,,New Haven,84,5,2,1,,35,,18:06.8,41.322429,-72.910995,0101000020E610000073F4F8BD4D3A52C018247D5A45A94440
18731556,1432,48673426,Private room,United States,New Haven,,New Haven,11,4.5,2,1,,30,,18:06.8,41.318981,-72.925832,0101000020E6100000C765DCD4403B52C0CF85915ED4A84440
18765131,1432,31844907,Private room,United States,New Haven,,New Haven,9,5,3,5,,35,,18:05.6,41.312475,-72.936695,0101000020E6100000E9D495CFF23B52C0A7E8482EFFA74440