room_id,survey_id,host_id,room_type,country,city,borough,neighborhood,reviews,overall_satisfaction,accommodates,bedrooms,bathrooms,price,minstay,name,last_modified,latitude,longitude,location
16557613,1520,31042774,Shared room,United States,Santa Barbara,,Downtown,1,0,2,1,,265,,Downtown SB Gem,02:20.9,34.426995,-119.70682,0101000020E6100000280AF4893CED5DC01B47ACC5A7364140
3510565,1520,11377758,Shared room,United States,Santa Barbara,,Downtown,6,4,1,1,,150,,Living Room Futon Downtown,02:16.6,34.422201,-119.710714,0101000020E6100000CCB392567CED5DC054ABAFAE0A364140
16650367,1520,109869930,Shared room,United States,Santa Barbara,,Westside,38,4,4,1,,103,,Cozy apartment 5 mins from beach.,02:14.5,34.410616,-119.704157,0101000020E6100000F78F85E810ED5DC06F9BA9108F344140
16349988,1520,23669975,Shared room,United States,Santa Barbara,,Downtown,0,0,1,1,,70,,Futon in Living Room Downtown Walk Score 98/100,02:12.4,34.423955,-119.709281,0101000020E610000026AB22DC64ED5DC0E3FC4D2844364140
13298214,1520,15087177,Shared room,United States,Santa Barbara,,Westside,16,4.5,2,1,,80,,Sweet Get-Away.  DT or Beach in 5min,02:12.4,34.422695,-119.72587,0101000020E610000071C971A774EE5DC06397A8DE1A364140
12676239,1520,22096395,Entire home/apt,United States,Santa Barbara,,Mesa,67,5,4,2,,200,,Eclectic Mesa Living,59:39.1,34.403135,-119.722843,0101000020E61000001F49490F43EE5DC0BD6F7CED99334140
19930429,1520,13974002,Entire home/apt,United States,Santa Barbara,,Waterfront,0,0,6,2,,330,,"Amazing ocean views, Beauty, Comfort and proximity",59:24.2,34.417163,-119.666557,0101000020E6100000DFFAB0DEA8EA5DC0F60CE19865354140
19308730,1520,111980579,Entire home/apt,United States,Santa Barbara,,Mesa,0,0,16,8,,979,,8BR w/ Rooftop Deck & Hot Tub,59:02.8,34.396513,-119.717295,0101000020E610000065A54929E8ED5DC02CB81FF0C0324140
19528659,1520,1844523,Entire home/apt,United States,Santa Barbara,,Riviera,1,0,12,4,,625,,Magical ocean view Montecito estate,59:00.0,34.436153,-119.670554,0101000020E6100000ED0C535BEAEA5DC0B1868BDCD3374140
12942253,1520,124443,Entire home/apt,United States,Santa Barbara,,Riviera,0,0,7,3,,485,,Eucalyptus Hill Escape,58:56.6,34.435697,-119.672961,0101000020E6100000F19E03CB11EB5DC08FFB56EBC4374140
1531386,1520,1835276,Entire home/apt,United States,Santa Barbara,,Mesa,46,4.5,6,3,,318,,Spanish Charmer- 3 bed house,58:55.1,34.401147,-119.708907,0101000020E6100000F33977BB5EED5DC0BBF1EEC858334140
6289232,1520,32695540,Entire home/apt,United States,Santa Barbara,,Riviera,45,5,6,3,,300,,Beautiful Townhouse CountyBowl Area,58:55.1,34.430288,-119.685393,0101000020E610000012FA997ADDEB5DC03DEE5BAD13374140
6556169,1520,17827937,Entire home/apt,United States,Santa Barbara,,Upper State,11,4.5,7,3,,350,,Santa Barbara Bungalow,58:55.1,34.446566,-119.749833,0101000020E61000008A1D8D43FDEF5DC0B5C01E1329394140
13186427,1520,124443,Entire home/apt,United States,Santa Barbara,,Mesa,0,0,8,4,,291,,Casa Turquesa,58:52.9,34.401707,-119.73078,0101000020E610000089247A19C5EE5DC082C98D226B334140
12184468,1520,11124979,Entire home/apt,United States,Santa Barbara,,Downtown,30,5,4,2,,250,,Modern cozy downtown townhouse,58:49.1,34.424283,-119.710204,0101000020E6100000425F7AFB73ED5DC0D89FC4E74E364140
3534390,1520,17795533,Entire home/apt,United States,Santa Barbara,,Eastside,142,4.5,6,3,,240,,"Charming French cottage & garden, close to beach",58:49.1,34.426098,-119.675423,0101000020E6100000D6FD63213AEB5DC00D7217618A364140
6600341,1520,7509068,Entire home/apt,United States,Santa Barbara,,Riviera,37,5,5,2,,250,,PANORAMIC VIEW,58:41.3,34.438831,-119.671826,0101000020E61000008FA67A32FFEA5DC049BC3C9D2B384140
6935224,1520,6429763,Entire home/apt,United States,Santa Barbara,,Upper State,148,5,2,0,,145,,Hacienda Margarita Balcony Studio,58:28.0,34.453238,-119.748686,0101000020E6100000473EAF78EAEF5DC0F8A6E9B3033A4140
19472337,1520,45295207,Entire home/apt,United States,Santa Barbara,,Downtown,9,4.5,2,1,,145,,Great Studio near State St.,58:25.6,34.41719,-119.699515,0101000020E6100000EF0390DAC4EC5DC0EF1B5F7B66354140
28662,1520,123415,Entire home/apt,United States,Santa Barbara,,Downtown,65,5,3,0,,169,,BABY DUX - HIP HIDEAWAY,58:24.1,34.41632,-119.693449,0101000020E6100000691CEA7761EC5DC0DA5548F949354140
1309434,1520,3406715,Entire home/apt,United States,Santa Barbara,,Riviera,200,5,2,1,,170,,Gorgeous Riviera Studio with VIEWS,58:24.1,34.442907,-119.698647,0101000020E6100000B41CE8A1B6EC5DC0B115342DB1384140
18077156,1520,124469517,Entire home/apt,United States,Santa Barbara,,Downtown,19,5,2,1,,134,,SB Peace and Quiet,58:15.6,34.437275,-119.723984,0101000020E6100000F2B4FCC055EE5DC0E02D90A0F8374140
19196958,1520,120772669,Entire home/apt,United States,Santa Barbara,,Downtown,5,5,2,0,,110,,Quiet Downtown Studio with Beachhouse Vibes!,58:14.5,34.422811,-119.709635,0101000020E61000003546EBA86AED5DC0CDB1BCAB1E364140
2975643,1520,5763024,Entire home/apt,United States,Santa Barbara,,Riviera,0,0,10,4,,1775,,Santa Barbara 360D Ocean View Villa,57:55.1,34.439365,-119.702194,0101000020E6100000A35C1ABFF0EC5DC0E700C11C3D384140
2966414,1520,5763024,Entire home/apt,United States,Santa Barbara,,Riviera,0,0,8,4,,2620,,SANTA BARBARA MEDITERRANEAN MANSION,57:55.1,34.448221,-119.697852,0101000020E6100000AF5C6F9BA9EC5DC0B130444E5F394140
19410702,1520,111980579,Entire home/apt,United States,Santa Barbara,,Riviera,0,0,8,4,,1159,,Riviera 4BR - Panoramic Ocean View,57:53.6,34.435452,-119.684769,0101000020E610000023145B41D3EB5DC0287D21E4BC374140
6588570,1520,8139078,Entire home/apt,United States,Santa Barbara,,Riviera,5,5,10,5,,1400,,Montecito Ocean Views,57:53.6,34.431667,-119.654326,0101000020E61000000ABB287AE0E95DC097E13FDD40374140
5248892,1520,27164887,Entire home/apt,United States,Santa Barbara,,Downtown,7,5,10,6,,1145,,Half an acre downtown Santa Barbara,57:53.6,34.430354,-119.711915,0101000020E61000000AA2EE0390ED5DC0F5D901D715374140
6476933,1520,4337331,Entire home/apt,United States,Santa Barbara,,Waterfront,7,4.5,10,4,,1500,,East Beach Retreat,57:53.6,34.417097,-119.672219,0101000020E6100000FD2FD7A205EB5DC03E213B6F63354140
17095392,1520,111980579,Entire home/apt,United States,Santa Barbara,,Riviera,0,0,10,4,,1253,,4BR/3BA Stunning Views,57:53.6,34.437725,-119.697018,0101000020E61000004BAE62F19BEC5DC020D26F5F07384140
16179897,1520,105644264,Entire home/apt,United States,Santa Barbara,,Upper State,0,0,6,3,,1000,,Beautiful Uptown SB Mediterranean home,57:51.5,34.445236,-119.745649,0101000020E6100000E35295B6B8EF5DC03D80457EFD384140
13429242,1520,124443,Entire home/apt,United States,Santa Barbara,,Riviera,0,0,10,5,,900,,Vista Riviera,57:51.5,34.4356,-119.701264,0101000020E61000002D776682E1EC5DC09D11A5BDC1374140
3545872,1520,17680532,Entire home/apt,United States,Santa Barbara,,Las Positas,29,5,12,5,,750,,"The Crestline House- 5 bd + Den. Lg Pool, Spa,View",57:51.5,34.418093,-119.733644,0101000020E610000006BAF605F4EE5DC0E0D7481284354140
826876,1520,4337331,Entire home/apt,United States,Santa Barbara,,Waterfront,45,4.5,10,5,,840,,Historic Old Yacht Club Inn,57:51.5,34.419534,-119.670538,0101000020E61000006A2E3718EAEA5DC0B0C7444AB3354140
8150524,1520,2567053,Entire home/apt,United States,Santa Barbara,,Las Positas,11,5,12,4,,790,,HUGE Property By Beach DOGS KIDS,57:51.5,34.419355,-119.74152,0101000020E61000001D554D1075EF5DC00135B56CAD354140
18594891,1520,6280931,Entire home/apt,United States,Santa Barbara,,Riviera,0,0,10,4,,795,,Montecito Estate w/Pool Walk to Beach & Boutiques,57:51.5,34.421,-119.6478,0101000020E61000005396218E75E95DC0D9CEF753E3354140
13185771,1520,124443,Entire home/apt,United States,Santa Barbara,,Downtown,0,0,10,5,,581,,California Dreamin',57:50.4,34.43279,-119.712248,0101000020E61000000DA9A27895ED5DC09604A8A965374140
19453883,1520,3618482,Entire home/apt,United States,Santa Barbara,,Downtown,0,0,4,2,,563,,Cota Casita - only 2 blocks from the center of SB!,57:50.4,34.41561,-119.699484,0101000020E6100000D1048A58C4EC5DC0FEF15EB532354140
18794374,1520,3618482,Entire home/apt,United States,Santa Barbara,,Downtown,0,0,4,2,,585,,Mission Bungalow- DT SB- Available Short Term!,57:50.4,34.427594,-119.717025,0101000020E6100000865AD3BCE3ED5DC0A0FB7266BB364140
8809833,1520,124443,Entire home/apt,United States,Santa Barbara,,Waterfront,1,0,4,2,,605,,Mykonos,57:50.4,34.412004,-119.696398,0101000020E6100000FDBFEAC891EC5DC01DE90C8CBC344140
5329565,1520,27618487,Entire home/apt,United States,Santa Barbara,,Upper State,0,0,6,3,,535,,"Spanish, Peaceful, Ocean View, Pool",57:50.4,34.455395,-119.738422,0101000020E61000006729594E42EF5DC087E123624A3A4140
11992355,1520,35331386,Entire home/apt,United States,Santa Barbara,,Riviera,0,0,2,1,,550,,Charming Montecito Bungalow,57:50.3,34.421938,-119.649723,0101000020E6100000601DC70F95E95DC046787B1002364140
14819236,1520,92630515,Entire home/apt,United States,Santa Barbara,,Las Positas,0,0,6,5,,650,,"Peaceful Estate with Pool/Spa, Minutes to beach",57:50.3,34.407006,-119.746982,0101000020E6100000D82C978DCEEF5DC04DA3C9C518344140
17793053,1520,70067455,Entire home/apt,United States,Santa Barbara,,Upper State,0,0,6,3,,690,,Spacious Spanish Ranch  in SB,57:49.3,34.454886,-119.736059,0101000020E61000004B3B35971BEF5DC042B456B4393A4140
11146010,1520,6263185,Entire home/apt,United States,Santa Barbara,,Riviera,2,0,6,3,,595,,Montecito Family Bliss Retreat wSpa,57:49.3,34.433599,-119.653433,0101000020E61000002448A5D8D1E95DC0064A0A2C80374140
18058543,1520,11580649,Entire home/apt,United States,Santa Barbara,,Downtown,2,0,5,3,,555,,The Ravens Nest Downtown SB,57:49.3,34.421061,-119.711623,0101000020E61000003605323B8BED5DC07F4FAC53E5354140
537723,1520,2152022,Entire home/apt,United States,Santa Barbara,,Mesa,20,5,8,3,,595,,Casa Sonrisa- Stunning Beach Views,57:49.3,34.405394,-119.709197,0101000020E6100000F75AD07B63ED5DC050FF59F3E3334140
16339547,1520,13359073,Entire home/apt,United States,Santa Barbara,,Downtown,6,5,10,3,,548,,"Cozy, Colorful 3BDR Home w Patio",57:49.3,34.427347,-119.715103,0101000020E610000060915F3FC4ED5DC09885764EB3364140
9116541,1520,13998326,Entire home/apt,United States,Santa Barbara,,Las Positas,16,5,9,4,,635,,EURO CHARM Jacuzzi-BBQ-PingPong-Lg Yard-Fireplaces,57:49.3,34.425972,-119.738576,0101000020E6100000126745D444EF5DC08081204086364140
13184990,1520,124443,Entire home/apt,United States,Santa Barbara,,Mesa,0,0,6,3,,303,,Beach Breakaway,57:47.7,34.398063,-119.729341,0101000020E610000072A8DF85ADEE5DC0B35F77BAF3324140
6260995,1520,32530745,Entire home/apt,United States,Santa Barbara,,Downtown,29,5,4,2,,325,,GARDEN SUITE BEST LOCATION DOWNTOWN SANTA BARBARA,57:47.0,34.430048,-119.704711,0101000020E61000006A882AFC19ED5DC0E8DA17D00B374140
19067708,1520,111980579,Entire home/apt,United States,Santa Barbara,,Downtown,0,0,4,2,,383,,2BR w/ 2 Decks on State Street,57:46.9,34.435177,-119.720559,0101000020E6100000A9F57EA31DEE5DC0577C43E1B3374140
17037895,1520,111980579,Entire home/apt,United States,Santa Barbara,,Riviera,0,0,4,2,,499,,2BR/2BA Custom Montecito Home with Pool/Spa,57:46.9,34.432077,-119.671392,0101000020E6100000F2B22616F8EA5DC0492D944C4E374140
6262700,1520,32530745,Entire home/apt,United States,Santa Barbara,,Downtown,50,5,5,3,,375,,GARDEN BUNGALOW BEST LOCATION DOWNTOWN SB,57:46.9,34.431364,-119.706163,0101000020E61000004CA94BC631ED5DC0FC5580EF36374140
13427405,1520,124443,Entire home/apt,United States,Santa Barbara,,Mesa,0,0,8,4,,420,,Mira Vista Retreat,57:46.9,34.410715,-119.719597,0101000020E61000002E5393E00DEE5DC0037D224F92344140
6260949,1520,32530745,Entire home/apt,United States,Santa Barbara,,Downtown,10,5,4,1,,350,,PENTHOUSE AT THE PARK BEST LOCATION DOWNTOWN SB,57:46.9,34.429475,-119.706336,0101000020E610000032FFE89B34ED5DC08CB96B09F9364140
18173594,1520,45295207,Entire home/apt,United States,Santa Barbara,,Riviera,12,4,7,3,,499,,Outstanding Ocean views - American Riviera Home,57:46.9,34.434567,-119.690612,0101000020E6100000698EACFC32EC5DC0DE7536E49F374140
1089346,1520,5985330,Entire home/apt,United States,Santa Barbara,,Upper State,26,4.5,6,2,,300,,Butterfly Cottage 2 Bedroom 2 Bath,57:46.9,34.448524,-119.75338,0101000020E6100000795DBF6037F05DC04DBC033C69394140
6585889,1520,19795287,Entire home/apt,United States,Santa Barbara,,Downtown,10,5,2,1,,305,,Beautiful & Spacious Home Downtown,57:45.3,34.43317,-119.704918,0101000020E6100000271763601DED5DC0DDCD531D72374140
5278263,1520,27323064,Entire home/apt,United States,Santa Barbara,,Mesa,12,4.5,5,2,,400,,Two-bedroom condo close to Mesa,57:45.2,34.408511,-119.712879,0101000020E610000055C03DCF9FED5DC03387A4164A344140
16624373,1520,32530745,Entire home/apt,United States,Santa Barbara,,Downtown,0,0,6,2,,375,,PARK VIEW BEST LOCATION DOWNTOWN SANTA BARBARA,57:45.2,34.431171,-119.70548,0101000020E6100000DAFE959526ED5DC0E7FD7F9C30374140
9712133,1520,12298759,Entire home/apt,United States,Santa Barbara,,Upper State,7,4.5,6,2,,325,,Good Livin' | Santa Barbara,57:45.2,34.434874,-119.742589,0101000020E6100000A357039486EF5DC0BBF083F3A9374140
9755680,1520,50314446,Entire home/apt,United States,Santa Barbara,,Eastside,11,5,6,2,,499,,Luxurious Loft Style Apartment at The Mill,57:43.5,34.420836,-119.691075,0101000020E61000005305A3923AEC5DC05F7D3CF4DD354140
17954700,1520,123206123,Entire home/apt,United States,Santa Barbara,,Waterfront,1,0,4,2,,325,,Peaceful 2 bed Beach house,57:43.5,34.410357,-119.692806,0101000020E61000003F1EFAEE56EC5DC0A357039486344140
17732336,1520,13346348,Entire home/apt,United States,Santa Barbara,,Mesa,6,4.5,6,1,,325,,Charming Santa Barbara Beach Loft!,57:43.5,34.410648,-119.710318,0101000020E6100000A6F0A0D975ED5DC07B15191D90344140
17925866,1520,12741051,Entire home/apt,United States,Santa Barbara,,Downtown,0,0,8,4,,400,,Downtown Lower Riviera Craftsman Home,57:43.5,34.429298,-119.703582,0101000020E61000007903CC7C07ED5DC07E1EA33CF3364140
6989654,1520,3208057,Entire home/apt,United States,Santa Barbara,,Riviera,18,5,6,3,,400,,Olive and Oaks,57:43.5,34.421458,-119.641769,0101000020E61000008BA548BE12E95DC09C51F355F2354140
6466227,1520,33774524,Entire home/apt,United States,Santa Barbara,,Eastside,17,5,4,2,,400,,Funk Zone Santa Barbara,57:42.5,34.424399,-119.685141,0101000020E61000008509A359D9EB5DC041BAD8B452364140
19038962,1520,17284858,Entire home/apt,United States,Santa Barbara,,Riviera,0,0,4,1,,450,,Gorgeous Oceanview Riviera Cape Cod 1 month min,57:42.5,34.43615,-119.706482,0101000020E61000009C4D470037ED5DC0401361C3D3374140
17036494,1520,111980579,Entire home/apt,United States,Santa Barbara,,Downtown,0,0,4,2,,439,,Mountain-View Penthouse Suite,57:42.5,34.419882,-119.69853,0101000020E610000098512CB7B4EC5DC0EC1681B1BE354140
3717905,1520,18982878,Entire home/apt,United States,Santa Barbara,,Upper State,43,5,6,3,,359,,The Midtown Garden Getaway,57:42.5,34.440099,-119.739372,0101000020E610000000E5EFDE51EF5DC04B00FE2955384140
11693297,1520,32530745,Entire home/apt,United States,Santa Barbara,,Downtown,0,0,6,2,,395,,PARK PLACE BEST LOCATION DOWNTOWN SANTA BARBARA,57:42.4,34.431004,-119.705696,0101000020E6100000C13A8E1F2AED5DC0FC389A232B374140
9131840,1520,47562593,Entire home/apt,United States,Santa Barbara,,Downtown,92,5,10,3,,380,,Newly Remodeled Downtown Victorian,57:42.4,34.417678,-119.698157,0101000020E61000004D9EB29AAEEC5DC01D21037976354140
676174,1520,3406715,Entire home/apt,United States,Santa Barbara,,Riviera,55,5,4,2,,350,,Gorgeous Riviera Home w Ocean Views,57:40.9,34.437821,-119.682048,0101000020E61000005793A7ACA6EB5DC04240BE840A384140
19954008,1520,26024315,Entire home/apt,United States,Santa Barbara,,Downtown,0,0,6,2,,350,,La Petite Maison Blanche,57:40.9,34.418872,-119.693931,0101000020E61000008FAB915D69EC5DC0E59A02999D354140
6646109,1520,29058271,Entire home/apt,United States,Santa Barbara,,Upper State,3,5,8,3,,425,,Beautiful Home with Mountain Views,57:40.9,34.453549,-119.753198,0101000020E6100000685A626534F05DC01711C5E40D3A4140
18412140,1520,1399169,Entire home/apt,United States,Santa Barbara,,Downtown,2,0,6,3,,349,,Downtown - 1/2 block to State Street!,57:40.9,34.427437,-119.713246,0101000020E61000002E008DD2A5ED5DC0D80C7041B6364140
695831,1520,3562309,Entire home/apt,United States,Santa Barbara,,Riviera,81,5,6,3,,330,,Home away from home,57:40.9,34.443629,-119.668151,0101000020E61000008A7269FCC2EA5DC05247C7D5C8384140
929978,1520,1671717,Entire home/apt,United States,Santa Barbara,,Mesa,46,5,4,2,,399,,Beach Bungalow on the Mesa,57:40.9,34.402963,-119.703975,0101000020E6100000E78C28ED0DED5DC0C03FA54A94334140
16100224,1520,104952719,Entire home/apt,United States,Santa Barbara,,Mesa,21,5,5,2,,389,,Local Santa Barbara Retreat!,57:40.9,34.398701,-119.712073,0101000020E610000056D7A19A92ED5DC0F6F065A208334140
2447024,1520,2567053,Entire home/apt,United States,Santa Barbara,,Las Positas,68,5,6,2,,350,,"Nature Playland |Dogs, Kids, and Tarzans! Zipline!",57:40.8,34.420805,-119.742108,0101000020E610000066868DB27EEF5DC0247F30F0DC354140
17037723,1520,111980579,Entire home/apt,United States,Santa Barbara,,Downtown,0,0,6,3,,360,,3BR/2BA Classic Californian House,57:40.8,34.433143,-119.717636,0101000020E6100000AA9B8BBFEDED5DC0E4BED53A71374140
13427316,1520,124443,Entire home/apt,United States,Santa Barbara,,Las Positas,0,0,6,2,,210,,Le Petit Chateau,57:38.5,34.405337,-119.740713,0101000020E610000036AE7FD767EF5DC0EC6D3315E2334140
7560231,1520,39630434,Entire home/apt,United States,Santa Barbara,,Westside,0,0,4,2,,215,,Luxury Townhouse Close to the Beach,57:38.5,34.411533,-119.700932,0101000020E6100000122EE411DCEC5DC0C51C041DAD344140
13427207,1520,124443,Entire home/apt,United States,Santa Barbara,,Waterfront,1,0,6,3,,230,,Juniper Cottage,57:38.5,34.411022,-119.692408,0101000020E610000048DFA46950EC5DC0E0F76F5E9C344140
6185756,1520,4408575,Entire home/apt,United States,Santa Barbara,,Eastside,5,4.5,6,2,,300,,Gorgeous 2/2 Duplex w/ Ocean Views!,57:38.5,34.424524,-119.664709,0101000020E6100000D7169E978AEA5DC0FD2E6CCD56364140
5640378,1520,4641823,Entire home/apt,United States,Santa Barbara,,Downtown,4,4,4,2,,259,,"2BR Central Location, Santa Barbara",57:38.5,34.424343,-119.710165,0101000020E6100000E370E65773ED5DC0ADA415DF50364140
15734310,1520,96879689,Entire home/apt,United States,Santa Barbara,,Riviera,1,0,4,1,,218,,Light Filled Sanctuary-1bd+Loft,57:38.5,34.43541,-119.673078,0101000020E61000000E6ABFB513EB5DC0F92CCF83BB374140
14472843,1520,87155938,Entire home/apt,United States,Santa Barbara,,Waterfront,23,4,3,0,,259,,STAY AT THE BEACH!,57:37.2,34.410838,-119.691291,0101000020E61000003A419B1C3EEC5DC01EFAEE5696344140
19626154,1520,45295207,Entire home/apt,United States,Santa Barbara,,Downtown,1,0,5,2,,299,,Downtown Home near State St,57:37.2,34.415947,-119.697557,0101000020E610000023861DC6A4EC5DC046EF54C03D354140
9230152,1520,47983820,Entire home/apt,United States,Santa Barbara,,Riviera,8,5,2,1,,150,,Peaceful Pad in Historic 'Hood,57:26.4,34.437815,-119.710654,0101000020E61000006231EA5A7BED5DC0605969520A384140
12607877,1520,37758140,Entire home/apt,United States,Santa Barbara,,Mesa,0,0,2,1,,150,,Cozy cottage close to the beach,57:26.4,34.397821,-119.71591,0101000020E610000047382D78D1ED5DC0BD546CCCEB324140
14182305,1520,7262755,Entire home/apt,United States,Santa Barbara,,Riviera,0,0,4,2,,175,,Riviera View Cottage,57:26.4,34.434301,-119.69204,0101000020E610000087E123624AEC5DC05FCFD72C97374140
12024984,1520,20624013,Entire home/apt,United States,Santa Barbara,,Riviera,1,0,1,1,,155,,Beautiful Private Apartment,57:26.4,34.434159,-119.672698,0101000020E61000006A85E97B0DEB5DC0CD21A98592374140
13045560,1520,21729856,Entire home/apt,United States,Santa Barbara,,Upper State,6,5,4,2,,150,,Santa Barbara Dream,57:26.4,34.448519,-119.754504,0101000020E6100000E02C25CB49F05DC03B51121269394140
12919283,1520,20139533,Entire home/apt,United States,Santa Barbara,,Westside,16,4,5,1,,175,,Summer Cottage - dog friendly,57:26.4,34.420814,-119.72486,0101000020E61000006E8B321B64EE5DC077D9AF3BDD354140
6348505,1520,8737934,Entire home/apt,United States,Santa Barbara,,Waterfront,11,5,2,1,,175,,Bright Mountain View West Beach Apt,57:26.4,34.410867,-119.696399,0101000020E6100000E57D1CCD91EC5DC0B900344A97344140
18459877,1520,127997855,Entire home/apt,United States,Santa Barbara,,Waterfront,2,0,3,2,,179,,Quiet and charming beach home!,57:24.6,34.416122,-119.691344,0101000020E61000004B92E7FA3EEC5DC0B492567C43354140
19430033,1520,75758709,Entire home/apt,United States,Santa Barbara,,Riviera,2,0,3,1,,145,,Riviera Surf Bungalow,57:24.6,34.436519,-119.708572,0101000020E610000020B75F3E59ED5DC0938AC6DADF374140
18523913,1520,29947740,Entire home/apt,United States,Santa Barbara,,Downtown,3,4.5,5,2,,175,,Downtown Love Shack,57:24.6,34.415637,-119.698835,0101000020E610000036936FB6B9EC5DC0F700DD9733354140
19589016,1520,137499355,Entire home/apt,United States,Santa Barbara,,Downtown,0,0,4,1,,161,,"Entire Apt, 1 mile from bars, located on State",57:24.6,34.429861,-119.715026,0101000020E61000008A7269FCC2ED5DC0B6696CAF05374140
15160715,1520,42158424,Entire home/apt,United States,Santa Barbara,,Downtown,6,4.5,2,1,,150,,Santa Barbara 1 Bedroom apartment w/ full kitchen,57:24.5,34.433517,-119.72467,0101000020E61000001C9947FE60EE5DC049A12C7C7D374140
4257467,1520,9684263,Entire home/apt,United States,Santa Barbara,,Upper State,14,4.5,4,2,,175,,Private Bungalow Duplex 2bd/1ba,57:24.5,34.435768,-119.740007,0101000020E6100000E9F351465CEF5DC05952EE3EC7374140
17548128,1520,29486144,Entire home/apt,United States,Santa Barbara,,Eastside,53,5,4,2,,146,,Beautiful home in the perfect location,57:24.5,34.425149,-119.677793,0101000020E61000004B1DE4F560EB5DC0AB764D486B364140
19315498,1520,4510013,Entire home/apt,United States,Santa Barbara,,Eastside,6,4.5,6,2,,159,,Modern Santa Barbara Townhome close to everything!,57:24.5,34.425404,-119.665942,0101000020E61000001AC231CB9EEA5DC036CB65A373364140
18524647,1520,2529010,Entire home/apt,United States,Santa Barbara,,Downtown,3,5,4,2,,175,,Ideal Central Santa Barbara Location with Hot Tub!,57:23.1,34.420021,-119.707612,0101000020E61000007590D78349ED5DC00D51853FC3354140
15163989,1520,68919543,Entire home/apt,United States,Santa Barbara,,Eastside,55,4.5,8,3,,179,,Design House Close 2 State Street & Beach,57:23.1,34.42208,-119.670755,0101000020E6100000392861A6EDEA5DC0D925AAB706364140
19748726,1520,21323885,Entire home/apt,United States,Santa Barbara,,Westside,2,0,6,1,,160,,Clean and Spacious Cottage close to Town,57:23.1,34.420225,-119.714106,0101000020E610000027F8A6E9B3ED5DC016FBCBEEC9354140
19471764,1520,45295207,Entire home/apt,United States,Santa Barbara,,Downtown,6,4.5,4,1,,149,,Wonderful Downtown Home near State St,57:23.1,34.416182,-119.697597,0101000020E61000006A32E36DA5EC5DC08997A77345354140
6260948,1520,2127623,Entire home/apt,United States,Santa Barbara,,Downtown,14,4.5,4,1,,175,,1bd1baDowntownPenthouse:Walk2All!,57:23.1,34.418497,-119.704192,0101000020E6100000B686527B11ED5DC0B03C484F91354140
10436156,1520,52332665,Entire home/apt,United States,Santa Barbara,,Mesa,74,5,2,1,,159,,1 bd w/ full kitchen & ocean views,57:23.1,34.401687,-119.717113,0101000020E610000055A2EC2DE5ED5DC03B1DC87A6A334140
14091574,1520,25373502,Entire home/apt,United States,Santa Barbara,,Downtown,21,4.5,2,1,,145,,Downtown Private Getaway,57:23.1,34.413434,-119.702053,0101000020E6100000C2C3B46FEEEC5DC0F986C267EB344140
18445785,1520,705487,Entire home/apt,United States,Santa Barbara,,Waterfront,10,5,4,1,,175,,Seaside escape,57:23.1,34.412407,-119.689828,0101000020E61000005EF7562426EC5DC01CD2A8C0C9344140
17036573,1520,111980579,Entire home/apt,United States,Santa Barbara,,Westside,0,0,6,2,,163,,Chef�۪s Dream at Santa Barbara Beach,57:21.8,34.42216,-119.71857,0101000020E6100000C078060DFDED5DC0F5D6C05609364140
15854692,1520,66977788,Entire home/apt,United States,Santa Barbara,,Eastside,80,5,5,2,,150,,Spacious Apt Near Downtown & Beach,57:21.8,34.431413,-119.682297,0101000020E61000002C4A09C1AAEB5DC0DD088B8A38374140
14280462,1520,86776028,Entire home/apt,United States,Santa Barbara,,Waterfront,8,5,2,1,,165,,Affordable Executive Getaway 2 Blk to Beach & Town,57:21.8,34.411655,-119.696506,0101000020E6100000F0DDE68D93EC5DC0111E6D1CB1344140
19039640,1520,132881527,Entire home/apt,United States,Santa Barbara,,Downtown,3,5,2,1,,169,,Upper East / Mission Village,57:21.8,34.427617,-119.71242,0101000020E61000000B410E4A98ED5DC0581B6327BC364140
8720498,1520,45769753,Entire home/apt,United States,Santa Barbara,,Upper State,25,5,2,0,,169,,The Nest -- A Storybook Sanctuary,57:21.8,34.454716,-119.749396,0101000020E610000035F0A31AF6EF5DC0E57B4622343A4140
18486383,1520,133864692,Entire home/apt,United States,Santa Barbara,,Westside,4,4.5,4,1,,165,,"1 mile from State Street, SBCC, pier and beaches",57:21.8,34.408379,-119.698875,0101000020E61000007D3F355EBAEC5DC0C4AF58C345344140
2025808,1520,2653624,Entire home/apt,United States,Santa Barbara,,Upper State,28,4.5,4,2,,165,,"Sweet, serene Santa Barbara Getaway",57:21.8,34.445442,-119.756564,0101000020E61000002E55698B6BF05DC0E621533E04394140
18025656,1520,123974979,Entire home/apt,United States,Santa Barbara,,Mesa,37,5,2,1,,149,,Beach Studio,57:21.8,34.403528,-119.728254,0101000020E6100000994BAAB69BEE5DC0998235CEA6334140
1133276,1520,2417264,Entire home/apt,United States,Santa Barbara,,Downtown,2,0,2,2,,130,,Cottage-Style House Santa Barbara,57:20.3,34.431596,-119.70197,0101000020E61000007B319413EDEC5DC0CE8AA8893E374140
10212587,1520,48338313,Entire home/apt,United States,Santa Barbara,,Upper State,4,4,3,1,,120,,Entire house in Santa Barbara,57:20.3,34.4469,-119.750545,0101000020E6100000494BE5ED08F05DC08C4AEA0434394140
2454076,1520,12547558,Entire home/apt,United States,Santa Barbara,,Mesa,38,4.5,2,1,,140,,"Comfortable, modern, private room in Santa Barbara",57:20.3,34.407712,-119.728319,0101000020E61000008C834BC79CEE5DC0E71725E82F344140
4701534,1520,2893624,Entire home/apt,United States,Santa Barbara,,Eastside,179,5,2,1,,125,,Downtown Gingerbread Home,57:19.6,34.42623,-119.687638,0101000020E6100000295FD04202EC5DC07B4963B48E364140
3716627,1520,18931228,Entire home/apt,United States,Santa Barbara,,Upper State,45,4.5,2,0,,139,,Large studio with private yard,57:19.6,34.446717,-119.747853,0101000020E6100000CB4DD4D2DCEF5DC09BC8CC052E394140
1212517,1520,5985330,Entire home/apt,United States,Santa Barbara,,Upper State,76,4.5,4,0,,120,,Ladybug Cottage Studio ,57:19.6,34.449441,-119.751511,0101000020E610000064E597C118F05DC0A33D5E4887394140
19206861,1520,18898101,Entire home/apt,United States,Santa Barbara,,Riviera,0,0,3,1,,130,,"Charming cottage, spa, garden,SB Bowl,walk to town",57:19.6,34.433527,-119.692826,0101000020E610000062F4DC4257EC5DC06C770FD07D374140
7759052,1520,35989004,Entire home/apt,United States,Santa Barbara,,Downtown,2,0,2,1,,139,,Full Unit - 2 Blocks to the Mission,57:19.6,34.436464,-119.709229,0101000020E6100000FC17080264ED5DC0D0F0660DDE374140
19533415,1520,21323885,Entire home/apt,United States,Santa Barbara,,Downtown,8,4.5,4,1,,139,,Charming Santa Barbara Cottage,57:19.6,34.425825,-119.716789,0101000020E61000007C48F8DEDFED5DC0DC68006F81364140
1224999,1520,6429763,Entire home/apt,United States,Santa Barbara,,Upper State,170,5,2,1,,135,,Hacienda Margarita Studio Apt,57:19.6,34.453089,-119.74898,0101000020E6100000EB56CF49EFEF5DC0B39602D2FE394140
934592,1520,1810194,Entire home/apt,United States,Santa Barbara,,Downtown,54,4.5,4,1,,135,,Romantic Downtown Cottage.,57:19.6,34.41623,-119.701201,0101000020E61000000ABB287AE0EC5DC09ACE4E0647354140
2503173,1520,4395040,Entire home/apt,United States,Santa Barbara,,Mesa,10,5,2,0,,125,,Incredible Channel Island Views!,57:18.1,34.404984,-119.72265,0101000020E6100000151DC9E53FEE5DC09EB30584D6334140
7114878,1520,15145238,Entire home/apt,United States,Santa Barbara,,Upper State,0,0,4,2,,135,,"Creative, spacious getaway in sunny Santa Barbara",57:18.1,34.435355,-119.729512,0101000020E610000088821953B0EE5DC036936FB6B9374140
13165558,1520,14902370,Entire home/apt,United States,Santa Barbara,,Downtown,6,5,2,0,,130,,Eclectic downtown writer/surfer studio w/view,57:18.1,34.420163,-119.709264,0101000020E6100000BB0ED59464ED5DC0A0FEB3E6C7354140
1470649,1520,3652740,Entire home/apt,United States,Santa Barbara,,Upper State,82,5,2,1,,125,,Tranquil Studio in Garden Setting,57:18.1,34.44692,-119.733143,0101000020E6100000A5129ED0EBEE5DC0D3F6AFAC34394140
15164248,1520,68919543,Entire home/apt,United States,Santa Barbara,,Eastside,78,4.5,2,0,,129,,Cute Beach House Near Ocean,57:18.1,34.420467,-119.673725,0101000020E6100000D95F764F1EEB5DC00C06D7DCD1354140
14324111,1520,46883,Entire home/apt,United States,Santa Barbara,,Westside,17,4.5,2,2,,125,,Centrally located charming flat,57:18.1,34.418179,-119.718593,0101000020E61000009C887E6DFDED5DC0DF6FB4E386354140
4350793,1520,22584540,Entire home/apt,United States,Santa Barbara,,Upper State,243,5,2,1,,140,,Newly Remodeled Studio with a view!,57:18.0,34.454387,-119.738464,0101000020E61000007E5182FE42EF5DC0205D6C5A293A4140
18104397,1520,45295207,Entire home/apt,United States,Santa Barbara,,Downtown,35,4.5,2,1,,139,,Updated Studio Near State St,57:18.0,34.416053,-119.69986,0101000020E6100000D4F19881CAEC5DC08B33863941354140
1772096,1520,9307227,Entire home/apt,United States,Santa Barbara,,Mesa,214,5,2,1,,125,,"Privacy, steps from the beach",57:18.0,34.399002,-119.715759,0101000020E61000005534D6FECEED5DC0F1845E7F12334140
14205209,1520,21665606,Entire home/apt,United States,Santa Barbara,,Mesa,8,4.5,5,1,,108,,Ocean View Downtown near Beach,57:17.1,34.407897,-119.703406,0101000020E6100000DA73999A04ED5DC0799109F835344140
12757682,1520,25710289,Entire home/apt,United States,Santa Barbara,,Downtown,156,5,4,1,,119,,The Island Cottage,57:17.1,34.429132,-119.713355,0101000020E61000000ADCBA9BA7ED5DC063D520CCED364140
18560389,1520,80565050,Entire home/apt,United States,Santa Barbara,,Eastside,4,4.5,2,1,,115,,Charming Studio Santa Barbara - Riviera,57:17.1,34.432351,-119.682669,0101000020E61000008E3F51D9B0EB5DC04AB20E4757374140
4895425,1520,15357155,Entire home/apt,United States,Santa Barbara,,Mesa,254,5,2,1,,119,,Bright & Airy Mesa Beach Guesthouse,57:16.1,34.402837,-119.734459,0101000020E61000002F50526001EF5DC0334FAE2990334140
12036468,1520,45295207,Entire home/apt,United States,Santa Barbara,,Downtown,162,4.5,2,1,,120,,Lovely Studio Close2State and Beach,57:16.1,34.412565,-119.698815,0101000020E610000012BD8C62B9EC5DC0B43C0FEECE344140
10900306,1520,56489209,Entire home/apt,United States,Santa Barbara,,Westside,114,4.5,8,2,,120,,2 Bedroom 1.5 Bath,57:16.1,34.415757,-119.715469,0101000020E610000051137D3ECAED5DC0A20A7F8637354140
19364388,1520,58802662,Entire home/apt,United States,Santa Barbara,,Downtown,16,5,2,0,,120,,Studio in the heart of Santa Barbara,57:16.1,34.425169,-119.698792,0101000020E610000036AD1402B9EC5DC0F22213F06B364140
19435332,1520,21062827,Entire home/apt,United States,Santa Barbara,,Downtown,2,0,2,0,,120,,"Cozy, comfortable, private studio downtown",57:16.1,34.428933,-119.713813,0101000020E61000006B9DB81CAFED5DC06C96CB46E7364140
3458769,1520,17256064,Entire home/apt,United States,Santa Barbara,,Mesa,92,5,2,0,,108,,Mesa Studio,57:16.1,34.40981,-119.723291,0101000020E61000006F9F55664AEE5DC071C971A774344140
19472575,1520,136615673,Entire home/apt,United States,Santa Barbara,,Eastside,3,5,2,0,,110,,Charming Downtown Santa Barbara Cottage,57:16.1,34.422267,-119.678815,0101000020E6100000314278B471EB5DC00B9755D80C364140
9187241,1520,25710289,Entire home/apt,United States,Santa Barbara,,Downtown,197,5,3,0,,119,,The Island Loft,57:16.1,34.427499,-119.713175,0101000020E6100000CA54C1A8A4ED5DC04E098849B8364140
9906646,1520,4381553,Entire home/apt,United States,Santa Barbara,,Downtown,1,0,3,1,,85,,Bradbury Bungalows,57:14.9,34.416868,-119.698058,0101000020E6100000842D76FBACEC5DC0DD5F3DEE5B354140
11744282,1520,52710649,Entire home/apt,United States,Santa Barbara,,Westside,71,4,4,0,,86,,Smashing Studio; Fabulous Location!,57:14.9,34.410427,-119.701927,0101000020E61000007B4B395FECEC5DC09C3237DF88344140
19891730,1520,17168967,Entire home/apt,United States,Santa Barbara,,Upper State,0,0,2,1,,98,,"Beautiful & Quiet apt. in Santa Barbara, CA",57:14.9,34.435867,-119.727046,0101000020E6100000022CF2EB87EE5DC0EC33677DCA374140
13211178,1520,74071557,Entire home/apt,United States,Santa Barbara,,Upper State,3,4.5,4,3,,100,,Spacious Santa Barbara Residence,57:14.9,34.442857,-119.725193,0101000020E61000007192E68F69EE5DC0FFE6C589AF384140
17119231,1520,23048122,Entire home/apt,United States,Santa Barbara,,Downtown,24,5,3,1,,100,,Beautiful Downtown Santa Barbara 1.5 bedroom,57:14.9,34.423755,-119.710271,0101000020E610000006137F1475ED5DC01C42959A3D364140
7095683,1520,14234696,Entire home/apt,United States,Santa Barbara,,Upper State,223,5,2,1,,94,,Santa Barbara 1BR Garden Apartment,57:14.9,34.453523,-119.749427,0101000020E610000052EFA99CF6EF5DC0ED7DAA0A0D3A4140
9858560,1520,6306904,Entire home/apt,United States,Santa Barbara,,Downtown,224,5,2,1,,99,,Private Cozy One Bedroom Attached Separate Entrane,57:14.9,34.426753,-119.719339,0101000020E610000031EF71A609EE5DC0253CA1D79F364140
19731571,1520,116726209,Entire home/apt,United States,Santa Barbara,,Las Positas,0,0,2,1,,92,,Romantic Getaway close to everything !,57:14.9,34.414575,-119.730419,0101000020E61000002158552FBFEE5DC09E5E29CB10354140
16734825,1520,95720716,Entire home/apt,United States,Santa Barbara,,Downtown,0,0,4,1,,60,,Enjoy California's coast!,57:13.7,34.419714,-119.699167,0101000020E610000051DCF126BFEC5DC030D63730B9354140
3529034,1520,14859879,Entire home/apt,United States,Santa Barbara,,Upper State,482,4.5,2,0,,65,,Private studio in garden setting,57:13.7,34.454001,-119.717659,0101000020E610000086AB0320EEED5DC0F7AC6BB41C3A4140
19981250,1520,12190683,Entire home/apt,United States,Santa Barbara,,Westside,0,0,4,2,,10,,CALIFORNIA BUNGALOW: Heart of Santa Barbara living,57:12.5,34.420921,-119.722407,0101000020E6100000B2D991EA3BEE5DC08D9944BDE0354140
6846931,1520,2653624,Private room,United States,Santa Barbara,,Upper State,34,5,2,1,,144,,Peaceful Bedroom with private Bath,56:59.2,34.446383,-119.756796,0101000020E6100000976F7D586FF05DC0C43E011423394140
3553004,1520,5978017,Private room,United States,Santa Barbara,,Westside,121,4.5,4,1,,100,,Awesome man cave !!,56:53.5,34.412958,-119.708663,0101000020E6100000A8380EBC5AED5DC0904FC8CEDB344140
3466524,1520,5978017,Private room,United States,Santa Barbara,,Westside,35,4.5,2,1,,103,,Cali style,56:53.5,34.413347,-119.705543,0101000020E6100000FEBAD39D27ED5DC02A73F38DE8344140
13100764,1520,34441379,Private room,United States,Santa Barbara,,Downtown,4,5,2,1,,90,,Large Downtown Queen - Private Bath,56:49.2,34.43045,-119.704929,0101000020E61000002140868E1DED5DC0174850FC18374140
18291023,1520,126487271,Private room,United States,Santa Barbara,,Riviera,14,5,2,1,,85,,The Carriage House - Private Bedroom and Bathroom,56:49.2,34.44029,-119.713761,0101000020E6100000420A9E42AEED5DC0BF60376C5B384140
7094799,1520,13188642,Private room,United States,Santa Barbara,,Westside,270,4.5,4,1,,99,,Private Room & Bath - Quiet Area Downtown,56:49.1,34.412782,-119.703411,0101000020E6100000632992AF04ED5DC05130630AD6344140
16726914,1520,9437041,Private room,United States,Santa Barbara,,Downtown,48,5,2,1,,88,,Bright & Private room near SB Bowl,56:49.1,34.430514,-119.692565,0101000020E6100000AC5626FC52EC5DC02E3C2F151B374140
18312725,1520,68153271,Private room,United States,Santa Barbara,,Downtown,2,0,2,1,,325,,"Comfortable, sunny & spacious master suite",56:44.4,34.422147,-119.710678,0101000020E610000026FF93BF7BED5DC0618DB3E908364140
3569763,1520,2567053,Private room,United States,Santa Barbara,,Las Positas,6,5,2,1,,350,,"RANCHETTE - NATURE UNIT, 2 BED, 1 BATH BY BEACH",56:44.4,34.419743,-119.742785,0101000020E610000066BD18CA89EF5DC0CADC7C23BA354140
4395042,1520,4337331,Private room,United States,Santa Barbara,,Waterfront,26,4.5,2,1,,219,,Private Suite with Deck by East Beach,56:42.8,34.418196,-119.670531,0101000020E610000011FDDAFAE9EA5DC0B5A84F7287354140
4395171,1520,4337331,Private room,United States,Santa Barbara,,Waterfront,52,4.5,2,1,,219,,Canopy King with Balcony by Beach,56:42.8,34.418096,-119.670773,0101000020E61000008C82E0F1EDEA5DC0514B732B84354140
3455498,1520,6356711,Private room,United States,Santa Barbara,,Riviera,5,5,2,1,,208,,Montecito getaway!,56:42.8,34.445912,-119.674818,0101000020E61000002330D63730EB5DC06D72F8A413394140
10787234,1520,12486943,Private room,United States,Santa Barbara,,Las Positas,13,5,2,1,,300,,The Lucky Penny Extention,56:42.8,34.426481,-119.739537,0101000020E6100000A54BFF9254EF5DC0C5AEEDED96364140
4395119,1520,4337331,Private room,United States,Santa Barbara,,Waterfront,56,4.5,2,1,,229,,Romantic Suite by East Beach,56:42.8,34.418947,-119.671959,0101000020E61000002F50526001EB5DC0F0E0270EA0354140
12002679,1520,2763611,Private room,United States,Santa Barbara,,Downtown,32,5,5,2,,275,,"Unique, Downtown 2 Bedroom /1B - Courtyard Space",56:42.8,34.423261,-119.694243,0101000020E6100000861E317A6EEC5DC00C569C6A2D364140
19912415,1520,13974002,Private room,United States,Santa Barbara,,Waterfront,0,0,3,1,,250,,"Ocean Views, Beach side, beauty and Comfort",56:42.8,34.418842,-119.668517,0101000020E61000007BF486FBC8EA5DC07A185A9D9C354140
10120597,1520,51936918,Private room,United States,Santa Barbara,,Waterfront,14,4.5,2,1,,248,,"Close to downtown, beach, wine area",56:42.8,34.411697,-119.693715,0101000020E6100000A86F99D365EC5DC03F6EBF7CB2344140
10120817,1520,4337331,Private room,United States,Santa Barbara,,Waterfront,8,4.5,3,1,,250,,Quaint East Beach Studio with Kitchen,56:42.8,34.418042,-119.672308,0101000020E6100000B535221807EB5DC05E2D776682354140
4395267,1520,4337331,Private room,United States,Santa Barbara,,Waterfront,25,4.5,2,1,,199,,"Cozy ""Montecito"" Room by East Beach",56:41.6,34.419619,-119.671218,0101000020E6100000239F573CF5EA5DC0DEE34C13B6354140
4395239,1520,4337331,Private room,United States,Santa Barbara,,Waterfront,29,4.5,2,1,,199,,"""Marbella"" Room by East Beach",56:41.6,34.419126,-119.672339,0101000020E6100000D234289A07EB5DC09F73B7EBA5354140
6448538,1520,4337331,Private room,United States,Santa Barbara,,Waterfront,87,4.5,4,1,,189,,"""Santa Cruz Suite"" by East Beach",56:41.6,34.417532,-119.67299,0101000020E61000003E22A64412EB5DC0498446B071354140
19858206,1520,13974002,Private room,United States,Santa Barbara,,Waterfront,0,0,2,1,,200,,"Ocean, Mountain, Beauty, Comfort and Proximity!",56:41.5,34.417254,-119.666965,0101000020E6100000E8A4F78DAFEA5DC006103E9468354140
1223044,1520,5755120,Private room,United States,Santa Barbara,,Riviera,79,5,3,1,,185,,"PARADISE FOUND AND BREAKFAST, TOO!",56:41.5,34.432806,-119.687225,0101000020E610000097FF907EFBEB5DC09CC1DF2F66374140
4394981,1520,4337331,Private room,United States,Santa Barbara,,Waterfront,54,4.5,4,1,,189,,"""Santa Rosa"" Suite by East Beach",56:41.5,34.418807,-119.671375,0101000020E61000008716D9CEF7EA5DC0FE2AC0779B354140
13233601,1520,4337331,Private room,United States,Santa Barbara,,Mesa,8,4.5,2,1,,175,,Mesa Ocean Breeze Studio,56:39.6,34.404607,-119.717895,0101000020E610000090BDDEFDF1ED5DC0C85D8429CA334140
8251081,1520,24070957,Private room,United States,Santa Barbara,,Las Positas,2,0,2,1,,150,,Wonderful room In quite area,56:39.6,34.420955,-119.746304,0101000020E6100000EF37DA71C3EF5DC0390B7BDAE1354140
5707283,1520,4337331,Private room,United States,Santa Barbara,,Waterfront,46,4.5,2,1,,179,,"""San Miguel"" Beachside Room",56:39.6,34.419015,-119.671307,0101000020E6100000DBA4A2B1F6EA5DC048C49448A2354140
8461352,1520,44540777,Private room,United States,Santa Barbara,,Upper State,16,5,2,1,,143,,Explore Santa Barbara!,56:39.6,34.448947,-119.752461,0101000020E6100000FDA02E5228F05DC09351651877394140
14104794,1520,68153271,Private room,United States,Santa Barbara,,Downtown,8,5,2,1,,155,,Redwood Suite private downtown bedroom & bathroom,56:39.6,34.42307,-119.70932,0101000020E61000008599B67F65ED5DC099F5622827364140
4394811,1520,4337331,Private room,United States,Santa Barbara,,Waterfront,84,4.5,4,1,,179,,Private East Beach Suite,56:39.6,34.417503,-119.670959,0101000020E61000003D7D04FEF0EA5DC0AF7D01BD70354140
14374648,1520,44540777,Private room,United States,Santa Barbara,,Upper State,2,0,2,1,,158,,Play Santa Barbara!,56:38.7,34.449361,-119.754385,0101000020E6100000F3E505D847F05DC0878C47A984394140
1693270,1520,2152022,Private room,United States,Santa Barbara,,Mesa,24,5,2,1,,150,,"Cielo Suite, Beach, Romantic, Views",56:38.6,34.403477,-119.709221,0101000020E6100000BB287AE063ED5DC017D86322A5334140
11181427,1520,58194954,Private room,United States,Santa Barbara,,Las Positas,30,4.5,2,1,,150,,"Quiet, airy, spectacular ocean view",56:38.6,34.413705,-119.75554,0101000020E610000078B471C45AF05DC089981249F4344140
16276319,1520,106456721,Private room,United States,Santa Barbara,,Mesa,6,5,2,1,,150,,Trevor's Private Lil Resort,56:38.6,34.40963,-119.713203,0101000020E61000002E1A321EA5ED5DC0F1BA7EC16E344140
1692912,1520,1597464,Private room,United States,Santa Barbara,,Mesa,1,0,3,1,,160,,Hendry's Beach House w/ Hot tub!,56:38.6,34.404431,-119.740362,0101000020E6100000E04C4C1762EF5DC08A3E1F65C4334140
15009664,1520,11580649,Private room,United States,Santa Barbara,,Downtown,19,5,2,1,,149,,Downtown Cozy: Vintage+Modern for 2,56:38.6,34.425701,-119.710947,0101000020E61000001E8CD82780ED5DC0EF6FD05E7D364140
12049920,1520,13413374,Private room,United States,Santa Barbara,,Mesa,14,5,2,1,,145,,Cliff House Suite,56:38.6,34.400273,-119.712266,0101000020E6100000600322C495ED5DC0643C4A253C334140
6003535,1520,4337331,Private room,United States,Santa Barbara,,Waterfront,95,4.5,2,1,,169,,Private Entrance by East Beach,56:38.6,34.418118,-119.672546,0101000020E61000008FC360FE0AEB5DC039EFFFE384354140
18390523,1520,127386237,Private room,United States,Santa Barbara,,Upper State,4,5,4,1,,160,,The Airstream Inn,56:38.6,34.430308,-119.734452,0101000020E6100000D61EF64201EF5DC0849A215514374140
923644,1520,2152022,Private room,United States,Santa Barbara,,Mesa,54,5,4,1,,135,,"Eden, Walk to Beach, C.C. Paradise!",56:37.5,34.405737,-119.704177,0101000020E61000001B66683C11ED5DC07AE3A430EF334140
2308694,1520,11789910,Private room,United States,Santa Barbara,,Riviera,35,4.5,2,1,,125,,Private Cozy Cottage Great Location,56:37.5,34.422893,-119.663688,0101000020E6100000D9AF3BDD79EA5DC08A5A9A5B21364140
14016560,1520,48531717,Private room,United States,Santa Barbara,,Downtown,60,5,2,1,,135,,Private Bedroom in Charming SB Neighborhood,56:37.5,34.431531,-119.707074,0101000020E610000086764EB340ED5DC0E71A66683C374140
6911035,1520,30733345,Private room,United States,Santa Barbara,,Upper State,0,0,2,1,,137,,"Serene, Sunny Studio on a Private Hill",56:37.5,34.45679,-119.734204,0101000020E6100000EA25C632FDEE5DC0E6913F18783A4140
16338630,1520,18840479,Private room,United States,Santa Barbara,,Las Positas,8,5,2,1,,140,,Charming private bedroom,56:37.5,34.42866,-119.750985,0101000020E610000057B2632310F05DC03B8DB454DE364140
2437196,1520,12456628,Private room,United States,Santa Barbara,,Downtown,71,4.5,2,1,,129,,Charming Downtown Master Suite ,56:36.8,34.436199,-119.722685,0101000020E6100000D313967840EE5DC022C66B5ED5374140
5919630,1520,177332,Private room,United States,Santa Barbara,,Upper State,9,5,1,1,,125,,"Simple, urbane and convenient",56:36.8,34.438587,-119.736035,0101000020E6100000876D8B321BEF5DC0B2B96A9E23384140
4041342,1520,2152022,Private room,United States,Santa Barbara,,Mesa,27,5,2,1,,135,,"Cozy Palm, Walk to Beach, C.C.",56:36.8,34.403481,-119.709114,0101000020E6100000B0C8AF1F62ED5DC058C7F143A5334140
18357026,1520,83398077,Private room,United States,Santa Barbara,,Downtown,11,5,3,2,,125,,Walk to the Mission. Private 2 bed & 1 bath suite,56:36.7,34.438731,-119.719671,0101000020E61000004C38F4160FEE5DC0E55E605628384140
2237447,1520,11424214,Private room,United States,Santa Barbara,,Upper State,96,5,2,1,,126,,Garden Retreat Near Downtown & UCSB,56:36.7,34.44776,-119.752038,0101000020E61000005AD6FD6321F05DC07E3A1E3350394140
9614663,1520,4337331,Private room,United States,Santa Barbara,,Waterfront,52,4.5,2,1,,139,,Charming Room by East Beach,56:36.7,34.418743,-119.671498,0101000020E61000001555BFD2F9EA5DC0E736E15E99354140
14179322,1520,14851545,Private room,United States,Santa Barbara,,Downtown,32,5,2,1,,125,,QuietDowntown/BikesFree!,56:36.7,34.424288,-119.707449,0101000020E6100000A0A52BD846ED5DC0E90AB6114F364140
4358671,1520,10366516,Private room,United States,Santa Barbara,,Mesa,57,4.5,2,1,,137,,Retreat Room w/bath - Steps 2 Beach,56:36.7,34.400089,-119.7315,0101000020E6100000894160E5D0EE5DC0A33EC91D36334140
13622871,1520,25373502,Private room,United States,Santa Barbara,,Downtown,36,4.5,2,1,,125,,Detached guest studio,56:36.7,34.41451,-119.702304,0101000020E610000066F6798CF2EC5DC0B7EEE6A90E354140
3712399,1520,18942456,Private room,United States,Santa Barbara,,Downtown,384,5,2,1,,135,,Downtown w/ Private entrance/room,56:36.7,34.418486,-119.69365,0101000020E6100000B537F8C264EC5DC0BCEA01F390354140
6821949,1520,35725952,Private room,United States,Santa Barbara,,Waterfront,2,0,2,1,,120,,Walk 2 beach from private 1BR/bath,56:34.1,34.402753,-119.701345,0101000020E6100000A48D23D6E2EC5DC0D5AE09698D334140
9463562,1520,48193290,Private room,United States,Santa Barbara,,Westside,0,0,2,1,,110,,Master Bedroom In Great Area!,56:34.1,34.422556,-119.727796,0101000020E6100000378AAC3594EE5DC0425DA45016364140
19105574,1520,13359073,Private room,United States,Santa Barbara,,Downtown,1,0,4,2,,120,,Two Bedrooms in our Home,56:34.1,34.427267,-119.716082,0101000020E610000046D09849D4ED5DC07CD45FAFB0364140
15407150,1520,11580649,Private room,United States,Santa Barbara,,Downtown,10,5,1,3,,119,,Apothecary Room-Dwntwn (twin+twin),56:34.0,34.42347,-119.712315,0101000020E6100000D15CA79196ED5DC0276BD44334364140
13974770,1520,24332992,Private room,United States,Santa Barbara,,Downtown,87,5,2,1,,120,,Lotus House Private Room/Bath Downtown,56:34.0,34.426347,-119.695868,0101000020E61000004F95EF1989EC5DC0B5DFDA8992364140
12368886,1520,66832067,Private room,United States,Santa Barbara,,Westside,6,5,2,1,,110,,"Beach Home, High End Finishes",56:34.0,34.407722,-119.701603,0101000020E6100000A2F14410E7EC5DC00BEE073C30344140
18056183,1520,98299089,Private room,United States,Santa Barbara,,Westside,0,0,2,1,,100,,Private Room Close to Downtown,56:31.7,34.414732,-119.716469,0101000020E610000043E6CAA0DAED5DC0664D2CF015354140
2810593,1520,3055524,Private room,United States,Santa Barbara,,Eastside,38,5,2,1,,100,,Private room - a piece of paradise.,56:31.7,34.426985,-119.676572,0101000020E6100000EA58A5F44CEB5DC0F870C971A7364140
18253816,1520,124741178,Private room,United States,Santa Barbara,,Mesa,0,0,1,0,,100,,Hearing Ocean Waves from Your Bedroom,56:31.7,34.401906,-119.70105,0101000020E610000017B7D100DEEC5DC07808E3A771334140
17892110,1520,13359073,Private room,United States,Santa Barbara,,Downtown,0,0,1,1,,100,,Spare room,56:31.7,34.427226,-119.716189,0101000020E61000005130630AD6ED5DC01D007157AF364140
3802720,1520,19537968,Private room,United States,Santa Barbara,,Westside,44,4.5,2,1,,85,,Walk or bike to Town & Beach,56:31.7,34.412108,-119.705331,0101000020E6100000B876A22424ED5DC0C23577F4BF344140
17079969,1520,109029159,Private room,United States,Santa Barbara,,Upper State,7,5,2,1,,85,,San Roque Gardens (Rosemary) private rm,56:31.7,34.439407,-119.741916,0101000020E610000044183F8D7BEF5DC01651137D3E384140
18075095,1520,124448507,Private room,United States,Santa Barbara,,Riviera,10,5,2,1,,98,,Bright spacious room near downtown,56:31.6,34.439363,-119.705644,0101000020E610000098A7734529ED5DC04609FA0B3D384140
15550556,1520,22105330,Private room,United States,Santa Barbara,,Westside,0,0,1,1,,100,,Private Room in Beautiful Santa Barbara,56:31.6,34.408758,-119.701247,0101000020E6100000C2DA183BE1EC5DC03BFDA02E52344140
2995354,1520,15269678,Private room,United States,Santa Barbara,,Las Positas,25,4.5,2,1,,97,,"One Bedroom, sunny, safe area",56:31.6,34.427082,-119.748113,0101000020E6100000992D5915E1EF5DC0EA5A7B9FAA364140
3963142,1520,20539543,Private room,United States,Santa Barbara,,Westside,84,4.5,4,1,,99,,Santa Barbara Beach Getaway,56:31.6,34.414981,-119.713752,0101000020E6100000185DDE1CAEED5DC00EBBEF181E354140
17795556,1520,109257154,Private room,United States,Santa Barbara,,Downtown,18,5,2,1,,95,,Clean and Comfortable Downtown Location,56:31.6,34.422555,-119.71235,0101000020E61000008F53742497ED5DC072E1404816364140
16117591,1520,4104639,Private room,United States,Santa Barbara,,Downtown,52,4.5,2,1,,100,,Quiet room downtown,56:31.6,34.430432,-119.707097,0101000020E61000006286C61341ED5DC07193516518374140
19096366,1520,133393095,Private room,United States,Santa Barbara,,Riviera,0,0,2,1,,100,,Nice family home with ocean views,56:29.8,34.431791,-119.674899,0101000020E61000009946938B31EB5DC083DA6FED44374140
16245868,1520,20918813,Private room,United States,Santa Barbara,,Downtown,54,5,2,1,,99,,Beautiful Garden Home w/bunkbed -Walk to Downtown,56:29.8,34.431174,-119.706615,0101000020E61000003CF71E2E39ED5DC05871AAB530374140
10648437,1520,53822791,Private room,United States,Santa Barbara,,Eastside,24,4.5,1,1,,85,,Santa Barbara Close to East Beach,56:29.8,34.42161,-119.680422,0101000020E6100000A65EB7088CEB5DC052D50451F7354140
16559725,1520,109029159,Private room,United States,Santa Barbara,,Upper State,8,5,2,1,,85,,San Rogue Garden / private room (sage),56:29.8,34.437305,-119.739925,0101000020E61000008A1F63EE5AEF5DC04BB0389CF9374140
19953108,1520,110369501,Private room,United States,Santa Barbara,,Eastside,0,0,4,1,,100,,Spacious and cozy 20'x20' bedroom with three beds.,56:29.8,34.429583,-119.681639,0101000020E6100000672B2FF99FEB5DC073F56393FC364140
15269288,1520,97141363,Private room,United States,Santa Barbara,,Upper State,12,5,1,1,,95,,Quaint and comfy,56:29.8,34.451567,-119.755685,0101000020E6100000FA449E245DF05DC0F6798CF2CC394140
19437137,1520,99147939,Private room,United States,Santa Barbara,,Mesa,11,4.5,2,1,,88,,Mesa Beach House Retreat!,56:29.8,34.40386,-119.725052,0101000020E610000090F9804067EE5DC0CF143AAFB1334140
18076301,1520,124448507,Private room,United States,Santa Barbara,,Riviera,9,5,2,1,,98,,Cozy Full-size Bedroom,56:29.8,34.436841,-119.690513,0101000020E61000009F1D705D31EC5DC0A646E867EA374140
3718068,1520,10158442,Private room,United States,Santa Barbara,,Upper State,24,5,2,1,,90,,FUNky Urban Farm House,56:29.8,34.448984,-119.752553,0101000020E61000006EE00ED429F05DC0B136C64E78394140
19052594,1520,133152121,Private room,United States,Santa Barbara,,Downtown,4,5,2,1,,100,,Downtown SB,56:27.7,34.419263,-119.709091,0101000020E6100000D4B837BF61ED5DC020B6F468AA354140
1489291,1520,7963834,Private room,United States,Santa Barbara,,Mesa,76,5,2,1,,95,,Private room near town & the beach!,56:27.7,34.396928,-119.712071,0101000020E6100000855B3E9292ED5DC0F06E6589CE324140
14378019,1520,13359073,Private room,United States,Santa Barbara,,Downtown,59,5,3,1,,85,,Cozy Full in Colorful Home w/ Patio,56:27.7,34.425299,-119.716382,0101000020E61000005B5CE333D9ED5DC0C102983270364140
15115492,1520,11580649,Private room,United States,Santa Barbara,,Downtown,35,5,1,1,,99,,2 Blocks to State St: MiniLux for 1,56:27.7,34.424715,-119.713117,0101000020E61000002F4E7CB5A3ED5DC0718FA50F5D364140
16313913,1520,4104639,Private room,United States,Santa Barbara,,Downtown,43,5,2,1,,100,,"Front room, Downtown walking distance",56:27.7,34.429566,-119.705167,0101000020E6100000FBCDC47421ED5DC09DBCC804FC364140
19912481,1520,141030247,Private room,United States,Santa Barbara,,Las Positas,0,0,2,1,,85,,Private room in house near Elings Park!,56:27.7,34.41319,-119.73192,0101000020E610000074D2FBC6D7EE5DC06284F068E3344140
16245430,1520,20918813,Private room,United States,Santa Barbara,,Downtown,60,5,2,1,,99,,Beautiful Garden Home w/queen bed-walk to Downtown,56:27.7,34.431256,-119.70669,0101000020E6100000419AB1683AED5DC0151A886533374140
17738074,1520,120991360,Private room,United States,Santa Barbara,,Westside,22,5,2,1,,90,,Cozy Bedroom in 1930's Santa Barbara Cottage,56:27.7,34.41852,-119.719407,0101000020E6100000DD60A8C30AEE5DC0685C381092354140
4358970,1520,10366516,Private room,United States,Santa Barbara,,Mesa,156,5,2,1,,96,,"Retreat Room, Steps to The Beach   ",56:27.7,34.400514,-119.731439,0101000020E6100000360186E5CFEE5DC08ACBF10A44334140
5591771,1520,28991735,Private room,United States,Santa Barbara,,Las Positas,4,5,2,1,,90,,Quiet and Quaint privacy,56:27.7,34.427838,-119.749207,0101000020E6100000CBBBEA01F3EF5DC037FE4465C3364140
16157548,1520,105459112,Private room,United States,Santa Barbara,,Mesa,20,5,1,1,,65,,Breathtaking views in the heart of Santa Barbara,56:26.1,34.404553,-119.723833,0101000020E6100000FFB0A54753EE5DC0D53F8864C8334140
19343493,1520,99147939,Private room,United States,Santa Barbara,,Mesa,9,5,2,1,,80,,Bright Private Bedroom 5 Minutes to the Beach,56:26.1,34.403395,-119.726663,0101000020E6100000A60D87A581EE5DC05A2F8672A2334140
17879456,1520,119984791,Private room,United States,Santa Barbara,,Upper State,1,0,2,1,,65,,Private bedroom on Upper State St.,56:26.1,34.442891,-119.743541,0101000020E61000000C8FFD2C96EF5DC0AC58FCA6B0384140
15452085,1520,99120394,Private room,United States,Santa Barbara,,Downtown,11,4.5,1,1,,60,,Walk SB #1 Great Downtown Locations,56:26.1,34.420233,-119.709228,0101000020E6100000145AD6FD63ED5DC099D9E731CA354140
13293792,1520,5085891,Private room,United States,Santa Barbara,,Downtown,0,0,2,1,,65,,"Quiet, tranquil bedroom in a 2 bedroom beach house",56:26.1,34.430271,-119.716286,0101000020E61000004A253CA1D7ED5DC067B5C01E13374140
14635185,1520,21706032,Private room,United States,Santa Barbara,,Eastside,11,5,2,1,,80,,"Private Room in Santa Barbara, Close to SB Bowl",56:26.1,34.429625,-119.68762,0101000020E6100000D50451F701EC5DC0A245B6F3FD364140
15099002,1520,2149207,Private room,United States,Santa Barbara,,Westside,14,5,3,1,,75,,BEAUTIFUL CENTRALLY LOCATED COTTAGE,56:26.1,34.424356,-119.719886,0101000020E61000004AB6BA9C12EE5DC042EE224C51364140
19435097,1520,33327221,Private room,United States,Santa Barbara,,Downtown,0,0,2,0,,80,,Santa Barbara Gem,56:26.1,34.427183,-119.715576,0101000020E61000005C7347FFCBED5DC01E34BBEEAD364140
18755107,1520,47193884,Private room,United States,Santa Barbara,,Downtown,1,0,2,1,,80,,Bright and Cozy Private Bedroom in Downtown SB,56:26.0,34.423829,-119.699167,0101000020E610000051DCF126BFEC5DC0560C570740364140
4942265,1520,1483150,Private room,United States,Santa Barbara,,Eastside,0,0,2,1,,75,,"Cozy, 1BD near the best of SB",56:26.0,34.430431,-119.682973,0101000020E610000044C362D4B5EB5DC0A017EE5C18374140
17493335,1520,6469280,Private room,United States,Santa Barbara,,Downtown,7,4.5,2,1,,61,,"clean, spacious room, shared bath",56:24.5,34.430137,-119.721109,0101000020E61000007BF65CA626EE5DC058E6ADBA0E374140
6646164,1520,34788993,Private room,United States,Santa Barbara,,Downtown,6,4.5,3,1,,79,,Private Studio close to DT SB,56:24.5,34.422664,-119.710963,0101000020E6100000A16AF46A80ED5DC028999CDA19364140
2142224,1520,6845013,Private room,United States,Santa Barbara,,Upper State,21,5,2,1,,80,,Room in 3 Bedroom Beautiful Condo,56:24.5,34.439551,-119.737037,0101000020E610000049BC3C9D2BEF5DC049F6083543384140
15432559,1520,21706032,Private room,United States,Santa Barbara,,Riviera,17,4.5,2,1,,75,,Private Room Near SB Bowl,56:24.5,34.429542,-119.689311,0101000020E61000007A71E2AB1DEC5DC01421753BFB364140
5468964,1520,28361769,Private room,United States,Santa Barbara,,Downtown,211,4.5,2,1,,65,,Downtown bedroom & shared bath,56:24.4,34.426309,-119.715697,0101000020E61000001A36CAFACDED5DC0C87E164B91364140
10633718,1520,9879527,Private room,United States,Santa Barbara,,Westside,0,0,2,1,,70,,Bright Spacious Room w Private Bath,56:24.4,34.416697,-119.716553,0101000020E610000072361D01DCED5DC0B0ABC95356354140
14141999,1520,85295668,Private room,United States,Santa Barbara,,Westside,68,4.5,2,1,,80,,Simon's place ; ),56:24.4,34.417612,-119.714311,0101000020E6100000130B7C45B7ED5DC065355D4F74354140
8813362,1520,6491491,Private room,United States,Santa Barbara,,Eastside,42,4.5,2,1,,71,,Mid-century Modern Cottage,56:24.4,34.430673,-119.686492,0101000020E6100000CD3D247CEFEB5DC09622F94A20374140
6584210,1520,34441379,Private room,United States,Santa Barbara,,Downtown,12,4,2,1,,70,,Private room in DT SB Awaits you,56:24.4,34.42924,-119.70571,0101000020E6100000739D465A2AED5DC049111956F1364140
11612349,1520,61481820,Private room,United States,Santa Barbara,,Downtown,242,4.5,2,1,,65,,Nice Room,56:24.4,34.42621,-119.715296,0101000020E61000006ABDDF68C7ED5DC0349D9D0C8E364140
15412526,1520,87155938,Entire home/apt,United States,Santa Barbara,,Downtown,19,4.5,6,2,,279,,Great Group House!  Friends and Big Family Getaway,57:37.2,34.43171,-119.715094,0101000020E610000036E49F19C4ED5DC097ADF54542374140
14855549,1520,86776028,Entire home/apt,United States,Santa Barbara,,Waterfront,6,5,6,2,,299,,Exceptional Ocean Getaway 2 Blks to Beach & Dtown,57:37.2,34.411446,-119.696229,0101000020E6100000B76114048FEC5DC0F6083543AA344140
5640856,1520,4641823,Entire home/apt,United States,Santa Barbara,,Downtown,4,4,4,2,,259,,"2BR Centrally-located House, SantaB",57:37.2,34.424083,-119.712391,0101000020E6100000BEBD6BD097ED5DC011E50B5A48364140
12036307,1520,45295207,Entire home/apt,United States,Santa Barbara,,Downtown,172,4.5,5,2,,299,,Charming Cottage Close2State and beach,57:37.2,34.41586,-119.69745,0101000020E610000018265305A3EC5DC077DB85E63A354140
14530174,1520,87155938,Entire home/apt,United States,Santa Barbara,,Waterfront,16,3.5,4,1,,259,,Beautiful Santa Barbara Beach,57:37.2,34.412242,-119.69041,0101000020E610000035B56CAD2FEC5DC0D1048A58C4344140
14281025,1520,86776028,Entire home/apt,United States,Santa Barbara,,Waterfront,4,4.5,4,1,,295,,Luxury Seaside Getaway - 2 Blocks to Beach & Town!,57:37.2,34.409948,-119.695318,0101000020E61000007D94111780EC5DC0C287122D79344140
14653577,1520,87155938,Entire home/apt,United States,Santa Barbara,,Waterfront,7,3.5,4,1,,249,,Fun at the Beach!,57:37.2,34.412183,-119.691812,0101000020E6100000BEBED6A546EC5DC0CC7B9C69C2344140
5640815,1520,4641823,Entire home/apt,United States,Santa Barbara,,Downtown,5,5,4,2,,259,,"2BR Great Central Apartment, SantaB",57:37.2,34.426012,-119.711857,0101000020E61000006F9BA9108FED5DC00EDAAB8F87364140
18097261,1520,45295207,Entire home/apt,United States,Santa Barbara,,Downtown,31,4.5,5,2,,250,,Comfortable Downtown Home Near State St,57:37.2,34.418483,-119.700176,0101000020E61000006C5CFFAECFEC5DC04B77D7D990354140
14857153,1520,86776028,Entire home/apt,United States,Santa Barbara,,Waterfront,10,4.5,5,2,,250,,SB Beach Getaway 2 Blocks to Beach & Town,57:37.2,34.411462,-119.694451,0101000020E61000002B6B9BE271EC5DC0FCC56CC9AA344140
14526567,1520,87155938,Entire home/apt,United States,Santa Barbara,,Waterfront,14,3.5,3,1,,229,,Santa Barbara at the Beach,57:37.1,34.410662,-119.690387,0101000020E610000059A5F44C2FEC5DC0E0DA899290344140
12827455,1520,32897542,Entire home/apt,United States,Santa Barbara,,Waterfront,8,4.5,4,2,,215,,Luxury Beach Retreat,57:37.1,34.4175,-119.67136,0101000020E6100000EDF5EE8FF7EA5DC03D0AD7A370354140
3705879,1520,18898101,Entire home/apt,United States,Santa Barbara,,Riviera,2,0,8,3,,300,,Heavenly Riviera Ocean and City View Home,57:37.1,34.431441,-119.691571,0101000020E61000002BF702B342EC5DC0A7936C7539374140
87117,1520,123415,Entire home/apt,United States,Santa Barbara,,Downtown,28,5,4,1,,215,,MAMA DUX - CLASSY LUXURY,57:35.7,34.417787,-119.692129,0101000020E61000003EE76ED74BEC5DC0D3D85E0B7A354140
5640568,1520,4641823,Entire home/apt,United States,Santa Barbara,,Downtown,1,0,4,2,,259,,2BR Apartment Heart of SantaBarbara,57:35.7,34.424521,-119.712004,0101000020E6100000C1A7397991ED5DC08CBB41B456364140
3084122,1520,15693363,Entire home/apt,United States,Santa Barbara,,Downtown,92,5,4,2,,225,,3 blocks from the heart of downtown,57:35.7,34.416374,-119.704952,0101000020E6100000FD4FFEEE1DED5DC0CD7344BE4B354140
9299755,1520,4726341,Entire home/apt,United States,Santa Barbara,,Mesa,5,5,5,2,,235,,SB Mesa Condo - close to it all!!,57:35.7,34.408257,-119.716099,0101000020E6100000B16CE690D4ED5DC079AEEFC341344140
7219878,1520,37797151,Entire home/apt,United States,Santa Barbara,,Westside,0,0,6,3,,300,,The Perfect Family Setting!,57:35.7,34.421323,-119.727487,0101000020E6100000F850A2258FEE5DC0BC067DE9ED354140
3031592,1520,15441128,Entire home/apt,United States,Santa Barbara,,Downtown,2,0,4,2,,249,,"Luxury Downtown Bungalow, 2bd/1.5ba",57:35.6,34.430271,-119.699387,0101000020E6100000D80FB1C1C2EC5DC067B5C01E13374140
6812031,1520,11800910,Entire home/apt,United States,Santa Barbara,,Downtown,1,0,4,2,,299,,2 br/1.5 b Home DT Santa Barbara,57:35.6,34.421608,-119.707459,0101000020E6100000B2101D0247ED5DC0B1DD3D40F7354140
16423699,1520,68919543,Entire home/apt,United States,Santa Barbara,,Downtown,37,4.5,6,3,,285,,"Magical,Private House in Heart of Santa Barbara",57:34.2,34.414303,-119.701056,0101000020E6100000882AFC19DEEC5DC03DD175E107354140
14977748,1520,45295207,Entire home/apt,United States,Santa Barbara,,Downtown,78,4.5,4,2,,250,,Cute downtown cottage - Close to State and Beach,57:34.2,34.416194,-119.696953,0101000020E61000005776C1E09AEC5DC04D6551D845354140
18826394,1520,131089984,Entire home/apt,United States,Santa Barbara,,Waterfront,2,0,5,2,,300,,Clean and Beautiful House Near Funk Zone,57:34.2,34.413089,-119.693857,0101000020E610000071C6302768EC5DC02EABB019E0344140
16203165,1520,13620866,Entire home/apt,United States,Santa Barbara,,Westside,2,0,4,2,,215,,Charming 2 bdrm home with big yard - kid friendly!,57:34.2,34.416409,-119.72018,0101000020E6100000EECEDA6D17EE5DC04A61DEE34C354140
93513,1520,501437,Entire home/apt,United States,Santa Barbara,,Mesa,63,4.5,8,2,,290,,Beautiful SB Getaway Near Downtown + Spa and Yard,57:34.2,34.414868,-119.720108,0101000020E6100000A165DD3F16EE5DC0161406651A354140
4244363,1520,20818923,Entire home/apt,United States,Santa Barbara,,Downtown,1,0,5,3,,275,,Charming Downtown,57:34.2,34.43282,-119.700646,0101000020E6100000B0045262D7EC5DC0018750A566374140
7055434,1520,11379131,Entire home/apt,United States,Santa Barbara,,Downtown,22,5,4,1,,300,,Spacious Modern Condo,57:34.2,34.428796,-119.720318,0101000020E6100000172EABB019EE5DC0EB538EC9E2364140
14519219,1520,87155938,Entire home/apt,United States,Santa Barbara,,Waterfront,27,4,4,1,,259,,HEART OF SANTA BARBARA,57:34.2,34.412298,-119.691837,0101000020E61000006B4AB20E47EC5DC0651A4D2EC6344140
4287206,1520,22059619,Entire home/apt,United States,Santa Barbara,,Upper State,16,5,5,2,,250,,Beautiful comfortable guesthouse,57:33.1,34.455255,-119.749925,0101000020E6100000FB5C6DC5FEEF5DC0952BBCCB453A4140
910605,1520,8898193,Entire home/apt,United States,Santa Barbara,,Waterfront,132,5,6,2,,225,,Quintessential SB Beach Duplex ,57:33.1,34.40994,-119.694183,0101000020E61000001B9C887E6DEC5DC03FA9F6E978344140
14400878,1520,44540777,Entire home/apt,United States,Santa Barbara,,Upper State,12,5,4,2,,255,,Play and Explore Santa Barbara!,57:33.1,34.4475,-119.754134,0101000020E61000004EB340BB43F05DC0E17A14AE47394140
4730363,1520,9576762,Entire home/apt,United States,Santa Barbara,,Downtown,2,0,3,1,,270,,Cute Victorian Apt with cat,57:33.1,34.421509,-119.712886,0101000020E6100000AEF199EC9FED5DC01EFCC401F4354140
2016531,1520,4967969,Entire home/apt,United States,Santa Barbara,,Downtown,88,5,4,2,,205,,Charming Downtown Cottage 2 Bdrm 1 Bath 1 Parking,57:33.1,34.422373,-119.712263,0101000020E6100000A7C98CB795ED5DC051DB865110364140
17655006,1520,120137512,Entire home/apt,United States,Santa Barbara,,Upper State,3,5,2,2,,242,,Mermaids Cove,57:33.0,34.446976,-119.752326,0101000020E61000008D7BF31B26F05DC0670C738236394140
14935012,1520,4154219,Entire home/apt,United States,Santa Barbara,,Waterfront,18,4.5,6,2,,239,,"Walk Everywhere, 3 Blks to Beach, Urban Location",57:33.0,34.411648,-119.694397,0101000020E6100000315C1D0071EC5DC05EBBB4E1B0344140
5285572,1520,6986985,Entire home/apt,United States,Santa Barbara,,Mesa,28,5,6,3,,260,,Peaceful Getaway Steps from Beach,57:33.0,34.397888,-119.708266,0101000020E610000099B7EA3A54ED5DC045BC75FEED324140
281011,1520,123415,Entire home/apt,United States,Santa Barbara,,Downtown,31,5,4,1,,250,,PAPA DUX - ROMANTIC DOWNTOWN AERIE,57:33.0,34.416169,-119.693515,0101000020E61000004512BD8C62EC5DC0F44D9A0645354140
1191949,1520,5671730,Entire home/apt,United States,Santa Barbara,,Riviera,120,5,4,2,,225,,Lower Riviera with ocean/city views,57:33.0,34.43304,-119.684267,0101000020E6100000DAAED007CBEB5DC00FEECEDA6D374140
17110262,1520,23048122,Entire home/apt,United States,Santa Barbara,,Downtown,38,5,5,2,,250,,Bright and Sunny Downtown Santa Barbara,57:33.0,34.424898,-119.71146,0101000020E6100000611A868F88ED5DC06211C30E63364140
5522913,1520,28641325,Entire home/apt,United States,Santa Barbara,,Downtown,81,5,3,0,,215,,Hidden Luxury - Prime Downtown,57:32.0,34.413004,-119.702121,0101000020E61000006E35EB8CEFEC5DC0008FA850DD344140
18463554,1520,1399169,Entire home/apt,United States,Santa Barbara,,Downtown,0,0,4,2,,265,,Downtown - Walk to everything - 1/2 block to State,57:32.0,34.428558,-119.713587,0101000020E610000073F6CE68ABED5DC0373811FDDA364140
6480489,1520,30010693,Entire home/apt,United States,Santa Barbara,,Downtown,46,5,2,0,,250,,Upper East Santa Barbara Retreat,57:32.0,34.429701,-119.711127,0101000020E61000005E13D21A83ED5DC07D073F7100374140
5297707,1520,27439127,Entire home/apt,United States,Santa Barbara,,Downtown,16,4.5,4,2,,250,,Charming Downtown Santa Barbara,57:32.0,34.416061,-119.699132,0101000020E610000093E52494BEEC5DC00E12A27C41354140
8609869,1520,45295207,Entire home/apt,United States,Santa Barbara,,Downtown,200,4.5,5,2,,230,,Contemporary Home Close to State St & Beach,57:32.0,34.4184,-119.698986,0101000020E61000002997C62FBCEC5DC0BD5296218E354140
12172717,1520,4337331,Entire home/apt,United States,Santa Barbara,,Waterfront,23,4.5,3,2,,275,,Cottage by the Sea,57:32.0,34.418747,-119.67249,0101000020E6100000C5387F130AEB5DC029266F8099354140
19910555,1520,123974979,Entire home/apt,United States,Santa Barbara,,Mesa,0,0,4,2,,289,,Quiet Home Near the Beach,57:32.0,34.404744,-119.730898,0101000020E61000008EAD6708C7EE5DC049A0C1A6CE334140
6092729,1520,15343575,Entire home/apt,United States,Santa Barbara,,Mesa,139,5,4,2,,240,,Mesa Getaway Near Beach & Downtown,57:32.0,34.4002,-119.723373,0101000020E6100000CD7344BE4BEE5DC0FAEDEBC039334140
521957,1520,2567053,Entire home/apt,United States,Santa Barbara,,Las Positas,176,5,6,2,,290,,"Garden Haven -Huge Yard, by Beach",57:32.0,34.420974,-119.741423,0101000020E61000002460747973EF5DC0B03BDD79E2354140
7887813,1520,126193,Entire home/apt,United States,Santa Barbara,,Downtown,101,5,4,2,,255,,**Legal Vacation Rental** Luxury Downtown Spanish,57:32.0,34.428773,-119.71233,0101000020E61000006B7D91D096ED5DC033349E08E2364140
14645809,1520,68153271,Entire home/apt,United States,Santa Barbara,,Downtown,13,4.5,2,0,,199,,"Garden Suite private downtown studio, full kitchen",57:30.9,34.422484,-119.710262,0101000020E6100000DC65BFEE74ED5DC0A88AA9F413364140
14281522,1520,86776028,Entire home/apt,United States,Santa Barbara,,Waterfront,6,5,4,1,,199,,SB Rare Beach PH 2 Blocks to Beach - Large Terrace,57:30.9,34.411539,-119.696334,0101000020E6100000F1457BBC90EC5DC0A703594FAD344140
14123743,1520,68153271,Entire home/apt,United States,Santa Barbara,,Downtown,20,4.5,2,0,,188,,The Orchid Suite. Great Downtown Studio!,57:30.9,34.422432,-119.710984,0101000020E6100000ACFE08C380ED5DC05664744012364140
5640187,1520,4641823,Entire home/apt,United States,Santa Barbara,,Downtown,6,4.5,4,2,,199,,2BR Santa Barbara Duplex,57:30.9,34.425846,-119.710675,0101000020E61000006DC5FEB27BED5DC0F390291F82364140
4475160,1520,23218952,Entire home/apt,United States,Santa Barbara,,Downtown,0,0,2,0,,185,,Lovely Studio Cottage with Garden,57:30.9,34.431908,-119.712442,0101000020E6100000FF9254A698ED5DC0BD70E7C248374140
1166872,1520,5985330,Entire home/apt,United States,Santa Barbara,,Upper State,30,4.5,6,2,,200,,Hummingbird Cottage 2 Bedroom/1 BA,57:30.9,34.448179,-119.752343,0101000020E6100000F817416326F05DC083E0F1ED5D394140
14854717,1520,86776028,Entire home/apt,United States,Santa Barbara,,Waterfront,8,5,4,1,,199,,SB Secret Getaway Two Blocks to Beach & Town,57:30.9,34.410032,-119.695754,0101000020E6100000EA03C93B87EC5DC02028B7ED7B344140
1280974,1520,117003,Entire home/apt,United States,Santa Barbara,,Downtown,25,5,3,1,,184,,Sunny Bungalow Close to Downtown SB,57:30.9,34.434467,-119.700959,0101000020E61000008F352383DCEC5DC07A185A9D9C374140
12642692,1520,68153271,Entire home/apt,United States,Santa Barbara,,Downtown,26,4.5,2,1,,189,,Mission Suite private downtown studio,57:30.9,34.432998,-119.712815,0101000020E61000004A46CEC29EED5DC0E09D7C7A6C374140
19477424,1520,136126194,Entire home/apt,United States,Santa Barbara,,Downtown,3,5,2,1,,199,,Epic Location - The 1889 Santa Barbara Barn.,57:30.8,34.423488,-119.703471,0101000020E6100000CDAB3AAB05ED5DC0CD1FD3DA34364140
1041226,1520,785992,Entire home/apt,United States,Santa Barbara,,Downtown,112,5,2,1,,200,,Downtown Studio--walk to the beach!,57:30.8,34.414592,-119.695029,0101000020E61000006231EA5A7BEC5DC07497C45911354140
17176085,1520,115564325,Entire home/apt,United States,Santa Barbara,,Downtown,3,5,2,1,,200,,Laguna Apartment SB,57:29.8,34.432133,-119.705642,0101000020E6100000C72B103D29ED5DC0DD42572250374140
8148884,1520,19187849,Entire home/apt,United States,Santa Barbara,,Downtown,0,0,4,0,,200,,Funky Gypsy Flat in the heart of DT,57:29.8,34.420703,-119.704719,0101000020E6100000AB77B81D1AED5DC0202A8D98D9354140
14254742,1520,86776028,Entire home/apt,United States,Santa Barbara,,Waterfront,3,4.5,4,1,,199,,Affordable Beach Getaway 2 Blocks to Beach & Town!,57:29.8,34.409593,-119.695154,0101000020E6100000C0EB33677DEC5DC0D4D51D8B6D344140
18775773,1520,114030547,Entire home/apt,United States,Santa Barbara,,Riviera,3,4.5,2,1,,200,,The Citrus Garden,57:29.8,34.430436,-119.688083,0101000020E6100000C07B478D09EC5DC0B282DF8618374140
14386916,1520,13359073,Entire home/apt,United States,Santa Barbara,,Downtown,1,0,6,2,,193,,2 Colorful Bedrooms in Santa Barbara,57:29.8,34.42725,-119.714655,0101000020E6100000103B53E8BCED5DC0A69BC420B0364140
19534533,1520,3433765,Entire home/apt,United States,Santa Barbara,,Riviera,0,0,2,0,,200,,Bright & secluded cottage on private estate,57:29.8,34.433037,-119.697195,0101000020E6100000D2FBC6D79EEC5DC09E7AA4C16D374140
16228174,1520,1988650,Entire home/apt,United States,Santa Barbara,,Downtown,66,4.5,7,2,,200,,Cozy Downtown Santa Barbara 2BD Cottage,57:29.8,34.42602,-119.716926,0101000020E6100000BCE9961DE2ED5DC091B8C7D287364140
9488112,1520,3335619,Entire home/apt,United States,Santa Barbara,,Mesa,31,5,2,1,,200,,Modern Condo w Pool/Hot Tub,57:29.8,34.410329,-119.715874,0101000020E6100000A1832EE1D0ED5DC0D9CC21A985344140
1574575,1520,8369365,Entire home/apt,United States,Santa Barbara,,Las Positas,78,5,4,2,,199,,Cozy with Ocean View,57:29.8,34.418972,-119.732045,0101000020E6100000D28C45D3D9EE5DC048F8DEDFA0354140
9957596,1520,50478015,Entire home/apt,United States,Santa Barbara,,Upper State,61,5,6,2,,185,,2BR Private Suite Spectacular Ocean Views,57:29.8,34.438315,-119.751908,0101000020E61000007366BB421FF05DC0522CB7B41A384140
18444844,1520,705487,Entire home/apt,United States,Santa Barbara,,Waterfront,4,5,4,1,,189,,Seaside Escape,57:28.6,34.414053,-119.689564,0101000020E6100000EF1F0BD121EC5DC0C5E74EB0FF344140
1223983,1520,6429763,Entire home/apt,United States,Santa Barbara,,Upper State,65,5,4,2,,200,,Hacienda Margarita Suite 2 Brm 2 Ba,57:28.6,34.453856,-119.750775,0101000020E6100000E2E995B20CF05DC0F48B12F4173A4140
14634790,1520,21706032,Entire home/apt,United States,Santa Barbara,,Eastside,107,5,6,2,,188,,House in Beautiful Santa Barbara- Walk to SB Bowl,57:28.6,34.429732,-119.687837,0101000020E6100000A4FE7A8505EC5DC0B8054B7501374140
14449901,1520,24332992,Entire home/apt,United States,Santa Barbara,,Downtown,33,5,2,1,,200,,Downtown Euro Vibe,57:28.6,34.42731,-119.698578,0101000020E610000020ED7F80B5EC5DC07BA01518B2364140
2686661,1520,13752895,Entire home/apt,United States,Santa Barbara,,Upper State,127,5,4,1,,185,,Apartment in the oak trees ,57:28.6,34.446569,-119.737811,0101000020E610000042E8A04B38EF5DC02634492C29394140
14281242,1520,86776028,Entire home/apt,United States,Santa Barbara,,Waterfront,5,5,3,1,,187,,Affordable Beach PH 2 Blocks to Beach & Town!,57:28.6,34.411859,-119.694656,0101000020E6100000177E703E75EC5DC019C8B3CBB7344140
12569594,1520,68153271,Entire home/apt,United States,Santa Barbara,,Downtown,68,4.5,2,1,,189,,Eucalyptus Suite private downtown studio,57:28.6,34.422719,-119.709446,0101000020E6100000CB11329067ED5DC0EC32FCA71B364140
5059131,1520,18106846,Entire home/apt,United States,Santa Barbara,,Upper State,92,5,2,1,,189,,LEMON GROVE COTTAGE,57:28.6,34.444175,-119.747425,0101000020E61000009FCDAACFD5EF5DC0B459F5B9DA384140
18464519,1520,128047298,Entire home/apt,United States,Santa Barbara,,Upper State,5,5,4,2,,191,,Breathtaking island views!,57:28.6,34.449384,-119.724486,0101000020E61000003B1A87FA5DEE5DC03FAC376A85394140
3979294,1520,20624013,Entire home/apt,United States,Santa Barbara,,Riviera,2,0,2,1,,145,,Private Apartment,57:26.4,34.434639,-119.671795,0101000020E610000072A774B0FEEA5DC077483140A2374140
1316652,1520,7152109,Entire home/apt,United States,Santa Barbara,,Upper State,5,5,2,1,,165,,Beautiful San Roque Cottage,57:26.4,34.445368,-119.721599,0101000020E6100000E27492AD2EEE5DC0AC5791D101394140
12493094,1520,6278532,Entire home/apt,United States,Santa Barbara,,Upper State,1,0,4,2,,150,,"Beautiful, Peaceful Kosher Eco-Home",57:26.4,34.454047,-119.749052,0101000020E610000038C0CC77F0EF5DC068EC4B361E3A4140
1397482,1520,7548573,Entire home/apt,United States,Santa Barbara,,Downtown,31,4.5,4,1,,160,,Eclectic Downtown Apartment,57:26.4,34.416152,-119.703665,0101000020E6100000C095ECD808ED5DC01E15FF7744354140
9392765,1520,5016187,Entire home/apt,United States,Santa Barbara,,Riviera,0,0,4,3,,150,,Cute house in great SB hills,57:26.4,34.450901,-119.700234,0101000020E6100000066344A2D0EC5DC0EA5DBC1FB7394140
2969433,1520,15085232,Private room,United States,Santa Barbara,,Downtown,238,4.5,2,1,,70,,Santa Barbara Beach Chic,56:23.1,34.428782,-119.726392,0101000020E6100000DE04DF347DEE5DC0868E1D54E2364140
17684177,1520,120448322,Private room,United States,Santa Barbara,,Eastside,8,5,2,1,,80,,Private Room in Comfort,56:23.1,34.426946,-119.675663,0101000020E6100000810706103EEB5DC03A94A12AA6364140
14237719,1520,20230059,Private room,United States,Santa Barbara,,Downtown,12,4.5,1,1,,79,,Quiet Redwood near the Old Mission,56:23.1,34.433678,-119.713543,0101000020E61000008B5242B0AAED5DC0527FBDC282374140
18242508,1520,6122960,Private room,United States,Santa Barbara,,Upper State,11,4.5,1,1,,68,,Clean Small Simple Room for Traveler on a budget,56:23.1,34.444454,-119.761278,0101000020E6100000844A5CC7B8F05DC0C74961DEE3384140
19115312,1520,124301281,Private room,United States,Santa Barbara,,Downtown,19,4.5,2,1,,75,,Cozy beach home minutes from beach,56:23.1,34.420568,-119.699337,0101000020E61000007FF8F9EFC1EC5DC040DF162CD5354140
8830785,1520,16019097,Private room,United States,Santa Barbara,,Upper State,47,5,2,1,,79,,Private room in excellent location!,56:23.1,34.443193,-119.743197,0101000020E61000000F5F268A90EF5DC07768588CBA384140
19105269,1520,13359073,Private room,United States,Santa Barbara,,Downtown,5,5,3,1,,70,,Twin + Full Bed in Spacious Room,56:23.1,34.425402,-119.714245,0101000020E61000003815A930B6ED5DC095D39E9273364140
5468697,1520,28361769,Private room,United States,Santa Barbara,,Downtown,298,4.5,2,1,,65,,Earthy bedroom with shared bath,56:23.1,34.426024,-119.715548,0101000020E6100000F7ADD689CBED5DC0D2A755F487364140
3240906,1520,1191564,Private room,United States,Santa Barbara,,Upper State,26,5,2,1,,69,,Private room in beautiful home,56:23.1,34.434966,-119.743192,0101000020E610000086A92D7590EF5DC09C6F44F7AC374140
17988813,1520,119984791,Private room,United States,Santa Barbara,,Upper State,19,4.5,1,0,,70,,Single room,56:23.1,34.443399,-119.744393,0101000020E6100000C4978922A4EF5DC0200A664CC1384140
19228380,1520,77938421,Private room,United States,Santa Barbara,,Downtown,3,5,2,1,,75,,Downtown Private Room in Great Location!,56:23.1,34.431385,-119.697404,0101000020E610000060066344A2EC5DC0137EA99F37374140
8445824,1520,1036576,Private room,United States,Santa Barbara,,Westside,251,5,2,1,,70,,Cozy Room in California Cottage,56:23.0,34.420763,-119.717527,0101000020E6100000CFBF5DF6EBED5DC0F52EDE8FDB354140
17330912,1520,58922231,Private room,United States,Santa Barbara,,Westside,51,5,2,1,,60,,Spacious Private Room & Private Bathroom near DT,56:21.3,34.421814,-119.726356,0101000020E61000003750E09D7CEE5DC05A7F4B00FE354140
17465010,1520,58922231,Private room,United States,Santa Barbara,,Westside,46,4.5,2,1,,49,,Centrally Located Mt. View Room with Queen Bed,56:21.3,34.419632,-119.725928,0101000020E61000000BD0B69A75EE5DC0732D5A80B6354140
15899963,1520,37614394,Private room,United States,Santa Barbara,,Eastside,24,4.5,2,1,,60,,Santa Barbara Paradise,56:21.3,34.424965,-119.665465,0101000020E61000007DE882FA96EA5DC0EA78CC4065364140
19086135,1520,37614394,Private room,United States,Santa Barbara,,Eastside,13,4.5,3,1,,60,,The travel lodge,56:21.3,34.426338,-119.667399,0101000020E610000085984BAAB6EA5DC062855B3E92364140
19824631,1520,140079409,Private room,United States,Santa Barbara,,Mesa,2,0,1,1,,52,,SURFERS! WRITERS! ARTISTS! 1 bdrm close to beach,56:20.1,34.403648,-119.734592,0101000020E6100000CFF9298E03EF5DC0438CD7BCAA334140
17576117,1520,58922231,Private room,United States,Santa Barbara,,Downtown,40,4.5,2,1,,57,,Spacious Private Room with Mountain View near DT,56:20.1,34.429607,-119.714529,0101000020E6100000CAC2D7D7BAED5DC0FB90B75CFD364140
7498134,1520,4205228,Private room,United States,Santa Barbara,,Upper State,219,5,2,1,,58,,Cozy Quarters at Casa Pacifica,56:20.1,34.431098,-119.741655,0101000020E61000008D7A884677EF5DC07DAF21382E374140
17479654,1520,58922231,Private room,United States,Santa Barbara,,Westside,36,4.5,2,1,,45,,Private Room Two Beds near DT area,56:20.0,34.419791,-119.726332,0101000020E6100000738236397CEE5DC0DB1324B6BB354140
19694373,1520,37614394,Private room,United States,Santa Barbara,,Downtown,2,0,3,1,,47,,Santa. Barbara Gateway,56:20.0,34.425363,-119.716205,0101000020E6100000D40E7F4DD6ED5DC0D7F6764B72364140
13066709,1520,27012785,Private room,United States,Santa Barbara,,Downtown,6,5,2,1,,50,,Down town spacious single bedroom,56:20.0,34.425153,-119.715664,0101000020E61000002CBB6070CDED5DC0ED65DB696B364140
7496259,1520,4205228,Private room,United States,Santa Barbara,,Upper State,195,5,2,1,,54,,Queen Room at Casa Pacifica,56:20.0,34.431765,-119.741283,0101000020E61000002B85402E71EF5DC05A47551344374140
5468457,1520,28361769,Private room,United States,Santa Barbara,,Downtown,332,4.5,2,1,,50,,"Small downtown room, shared bath",56:20.0,34.426262,-119.715655,0101000020E6100000020EA14ACDED5DC087C3D2C08F364140
19554840,1520,119547230,Private room,United States,Santa Barbara,,Eastside,12,5,2,1,,49,,Spacious Room Near Beach and Down Town,56:20.0,34.423963,-119.67336,0101000020E6100000D09B8A5418EB5DC066DB696B44364140
913199,1520,4901777,Private room,United States,Santa Barbara,,Upper State,3,4.5,1,1,,30,,Monthly Only- Private Room for one person $900,56:18.7,34.443367,-119.742161,0101000020E610000077D7D9907FEF5DC01590F63FC0384140