room_id,survey_id,host_id,room_type,country,city,borough,neighborhood,reviews,overall_satisfaction,accommodates,bedrooms,bathrooms,price,minstay,last_modified,latitude,longitude,location
6836834,1563,35824253,Shared room,Canada,Yellowknife,,Yellowknife,31,5,1,1,,44,,14:13.7,62.444861,-114.417077,0101000020E61000007CBABA63B19A5CC008228B34F1384F40
17071515,1563,26388248,Entire home/apt,Canada,Yellowknife,,Yellowknife,0,0,10,3,,280,,10:46.8,62.448666,-114.368611,0101000020E6100000897C975297975CC0E06932E36D394F40
15251185,1563,48418953,Entire home/apt,Canada,Yellowknife,,Yellowknife,16,5,8,4,,280,,10:46.8,62.453059,-114.385126,0101000020E6100000B7B585E7A5985CC049145AD6FD394F40
5454236,1563,28195028,Entire home/apt,Canada,Yellowknife,,Yellowknife,15,4,9,4,,203,,10:46.1,62.45061,-114.371641,0101000020E6100000933655F7C8975CC012A0A696AD394F40
16332723,1563,106916273,Entire home/apt,Canada,Yellowknife,,Yellowknife,8,5,8,3,,203,,10:46.1,62.436187,-114.429949,0101000020E6100000AA7CCF48849B5CC05DF8C1F9D4374F40
16097572,1563,1274093,Entire home/apt,Canada,Yellowknife,,Yellowknife,16,5,6,3,,194,,10:46.1,62.4469,-114.380687,0101000020E6100000CAC0012D5D985CC08C4AEA0434394F40
4822480,1563,14170077,Entire home/apt,Canada,Yellowknife,,Yellowknife,61,5,4,2,,203,,10:46.1,62.463331,-114.352445,0101000020E6100000E12879758E965CC08A1C226E4E3B4F40
15450836,1563,99109865,Entire home/apt,Canada,Yellowknife,,Yellowknife,12,5,6,3,,163,,10:45.3,62.454203,-114.366125,0101000020E6100000DF4F8D976E975CC05F5FEB52233A4F40
13442231,1563,76722371,Entire home/apt,Canada,Yellowknife,,Yellowknife,31,4.5,6,3,,163,,10:45.2,62.467098,-114.346903,0101000020E610000098F8A3A833965CC0750305DEC93B4F40
17446234,1563,31859556,Entire home/apt,Canada,Yellowknife,,Yellowknife,3,5,4,2,,150,,10:45.2,62.472859,-114.343498,0101000020E6100000730F09DFFB955CC0444FCAA4863C4F40
6156498,1563,21731000,Entire home/apt,Canada,Yellowknife,,Yellowknife,22,5,2,1,,130,,10:44.0,62.464903,-114.351342,0101000020E610000085ED27637C965CC0F96706F1813B4F40
15008688,1563,59990169,Entire home/apt,Canada,Yellowknife,,Yellowknife,6,4.5,5,2,,142,,10:44.0,62.447533,-114.371001,0101000020E61000002272FA7ABE975CC0BD70E7C248394F40
14964490,1563,93539754,Entire home/apt,Canada,Yellowknife,,Yellowknife,14,4.5,4,2,,130,,10:44.0,62.43951,-114.406688,0101000020E61000003EEB1A2D079A5CC0EA211ADD41384F40
8226174,1563,43377709,Entire home/apt,Canada,Yellowknife,,Yellowknife,31,4.5,2,1,,130,,10:44.0,62.437272,-114.41686,0101000020E6100000ADC090D5AD9A5CC06FBA6587F8374F40
16605955,1563,109575061,Entire home/apt,Canada,Yellowknife,,Yellowknife,0,0,2,1,,105,,10:42.6,62.440571,-114.419767,0101000020E6100000293C6876DD9A5CC073486AA164384F40
12211516,1563,65680230,Entire home/apt,Canada,Yellowknife,,Yellowknife,15,5,2,1,,105,,10:42.6,62.451884,-114.369951,0101000020E6100000D787F546AD975CC0F7CABC55D7394F40
18275224,1563,226001,Entire home/apt,Canada,Yellowknife,,Yellowknife,6,5,7,3,,121,,10:42.6,62.437306,-114.409231,0101000020E61000009A6038D7309A5CC01B2C9CA4F9374F40
16589097,1563,109143754,Entire home/apt,Canada,Yellowknife,,Yellowknife,0,0,6,1,,98,,10:41.2,62.454641,-114.382677,0101000020E61000009CFBABC77D985CC0DB3521AD313A4F40
18619622,1563,76722371,Entire home/apt,Canada,Yellowknife,,Yellowknife,2,0,2,1,,90,,10:41.2,62.464861,-114.347852,0101000020E610000049F6083543965CC0CA17B490803B4F40
16692601,1563,110543187,Entire home/apt,Canada,Yellowknife,,Yellowknife,7,5,2,1,,81,,10:39.9,62.440521,-114.424382,0101000020E6100000B5C01E13299B5CC0C119FCFD62384F40
7243904,1563,37730491,Entire home/apt,Canada,Yellowknife,,Yellowknife,3,4.5,4,2,,81,,10:39.9,62.45135,-114.364015,0101000020E6100000381092054C975CC0598638D6C5394F40
14900258,1563,93539754,Entire home/apt,Canada,Yellowknife,,Yellowknife,15,5,2,1,,81,,10:39.9,62.439849,-114.406535,0101000020E61000007B6B60AB049A5CC0D316D7F84C384F40
14824741,1563,4825545,Entire home/apt,Canada,Yellowknife,,Yellowknife,44,5,2,1,,80,,10:39.9,62.460127,-114.363491,0101000020E6100000FB58C16F43975CC0D8800871E53A4F40
5106781,1563,26388248,Entire home/apt,Canada,Yellowknife,,Yellowknife,29,5,3,0,,81,,10:39.9,62.464869,-114.365427,0101000020E6100000D384ED2763975CC04DF6CFD3803B4F40
15537834,1563,95753013,Private room,Canada,Yellowknife,,Yellowknife,3,4.5,6,3,,102,,10:20.8,62.440178,-114.410207,0101000020E6100000C765DCD4409A5CC09835B1C057384F40
1769821,1563,1825523,Private room,Canada,Yellowknife,,Yellowknife,24,4.5,2,1,,94,,10:20.8,62.470965,-114.342648,0101000020E61000008C82E0F1ED955CC0C347C494483C4F40
12211564,1563,12042079,Private room,Canada,Yellowknife,,Yellowknife,14,4.5,2,1,,69,,10:19.0,62.444921,-114.383939,0101000020E61000002C2AE27492985CC0DD26DC2BF3384F40
18446402,1563,63509379,Private room,Canada,Yellowknife,,Yellowknife,0,0,5,3,,203,,10:11.3,62.452818,-114.368358,0101000020E610000014CE6E2D93975CC02385B2F0F5394F40
16779267,1563,111438642,Private room,Canada,Yellowknife,,Yellowknife,3,5,2,1,,113,,10:09.2,62.460727,-114.356843,0101000020E61000009EB30584D6965CC02DB1321AF93A4F40
16297978,1563,42056096,Private room,Canada,Yellowknife,,Yellowknife,0,0,3,1,,101,,10:08.7,62.464206,-114.358311,0101000020E610000003B34291EE965CC0B14D2A1A6B3B4F40
16286422,1563,42056096,Private room,Canada,Yellowknife,,Yellowknife,2,0,2,1,,85,,10:08.7,62.462547,-114.35909,0101000020E610000085949F54FB965CC074EE76BD343B4F40
6701451,1563,29009711,Private room,Canada,Yellowknife,,Yellowknife,1,0,2,1,,101,,10:08.7,62.469263,-114.346955,0101000020E6100000C18BBE8234965CC0861C5BCF103C4F40
16286210,1563,42056096,Private room,Canada,Yellowknife,,Yellowknife,1,0,2,1,,90,,10:08.7,62.464439,-114.359539,0101000020E6100000BDA8DDAF02975CC054FEB5BC723B4F40
8446394,1563,25827587,Private room,Canada,Yellowknife,,Yellowknife,6,5,2,1,,94,,10:08.7,62.450074,-114.420497,0101000020E61000003BC43F6CE99A5CC0D4635B069C394F40
9998635,1563,51364591,Private room,Canada,Yellowknife,,Yellowknife,6,5,2,1,,101,,10:08.7,62.446927,-114.374536,0101000020E61000002ECBD765F8975CC0865968E734394F40
6261276,1563,28195028,Private room,Canada,Yellowknife,,Yellowknife,12,4.5,3,1,,90,,10:08.7,62.452526,-114.370341,0101000020E61000008CD7BCAAB3975CC07B4B395FEC394F40
16297366,1563,42056096,Private room,Canada,Yellowknife,,Yellowknife,1,0,3,1,,101,,10:08.7,62.462856,-114.359928,0101000020E61000008A3A730F09975CC0F2608BDD3E3B4F40
361208,1563,1825523,Private room,Canada,Yellowknife,,Yellowknife,18,5,2,1,,90,,10:08.7,62.47303,-114.342687,0101000020E6100000EB707495EE955CC071033E3F8C3C4F40
5626734,1563,25827587,Private room,Canada,Yellowknife,,Yellowknife,12,5,2,1,,90,,10:08.7,62.449907,-114.413256,0101000020E61000000D384BC9729A5CC0E99E758D96394F40
6078813,1563,6056067,Private room,Canada,Yellowknife,,Yellowknife,68,5,2,1,,89,,10:08.7,62.466921,-114.366072,0101000020E6100000CEFE40B96D975CC066683C11C43B4F40
5146235,1563,26388248,Private room,Canada,Yellowknife,,Yellowknife,81,5,3,1,,98,,10:08.7,62.447758,-114.369388,0101000020E61000003BE2900DA4975CC0DD42572250394F40
6433388,1563,28195028,Private room,Canada,Yellowknife,,Yellowknife,13,4.5,2,1,,81,,10:06.6,62.45054,-114.370558,0101000020E61000005BD1E638B7975CC019C5724BAB394F40
5807187,1563,11310054,Private room,Canada,Yellowknife,,Yellowknife,1,0,2,1,,81,,10:06.6,62.449342,-114.35603,0101000020E610000046990D32C9965CC0105CE50984394F40
18545766,1563,63509379,Private room,Canada,Yellowknife,,Yellowknife,0,0,2,1,,74,,10:06.6,62.453474,-114.37064,0101000020E6100000B9A5D590B8975CC00CCB9F6F0B3A4F40
5902250,1563,25827587,Private room,Canada,Yellowknife,,Yellowknife,15,5,2,1,,81,,10:06.6,62.449862,-114.412859,0101000020E6100000FEB627486C9A5CC049DBF81395394F40
18544383,1563,63509379,Private room,Canada,Yellowknife,,Yellowknife,0,0,2,1,,74,,10:04.9,62.453026,-114.371892,0101000020E610000038691A14CD975CC06D1E87C1FC394F40
15421250,1563,5824802,Private room,Canada,Yellowknife,,Yellowknife,8,5,2,1,,69,,10:04.9,62.466787,-114.34924,0101000020E61000001F9DBAF259965CC0569929ADBF3B4F40
16303118,1563,106211065,Private room,Canada,Yellowknife,,Yellowknife,1,0,2,1,,65,,10:04.9,62.439526,-114.425051,0101000020E610000074081C09349B5CC0F0DE516342384F40
6577784,1563,26388248,Private room,Canada,Yellowknife,,Yellowknife,88,5,2,1,,64,,10:04.9,62.448686,-114.367895,0101000020E61000002A5778978B975CC02716F88A6E394F40
18490494,1563,226001,Private room,Canada,Yellowknife,,Yellowknife,0,0,2,1,,69,,10:04.9,62.438853,-114.407469,0101000020E61000009148DBF8139A5CC03160C9552C384F40
9302206,1563,47789706,Private room,Canada,Yellowknife,,Yellowknife,30,5,1,1,,65,,10:04.9,62.442306,-114.404245,0101000020E610000094A46B26DF995CC08C69A67B9D384F40
1837366,1563,1825523,Private room,Canada,Yellowknife,,Yellowknife,7,5,2,1,,81,,10:04.9,62.472185,-114.342046,0101000020E610000091EEE714E4955CC0B554DE8E703C4F40
14579425,1563,35824253,Private room,Canada,Yellowknife,,Yellowknife,0,0,2,1,,73,,10:04.9,62.445188,-114.415491,0101000020E610000012329067979A5CC02C499EEBFB384F40
15114038,1563,95753013,Private room,Canada,Yellowknife,,Yellowknife,11,5,4,2,,69,,10:04.9,62.441808,-114.409534,0101000020E6100000672618CE359A5CC03B8E1F2A8D384F40
17909252,1563,122736033,Private room,Canada,Yellowknife,,Yellowknife,0,0,1,1,,66,,10:04.9,62.449308,-114.37314,0101000020E610000016359886E1975CC064EAAEEC82394F40
5454224,1563,28195028,Private room,Canada,Yellowknife,,Yellowknife,22,4.5,1,1,,67,,10:04.9,62.452547,-114.37082,0101000020E6100000F92CCF83BB975CC09373620FED394F40
5807186,1563,11310054,Private room,Canada,Yellowknife,,Yellowknife,1,0,2,1,,73,,10:04.9,62.452952,-114.371048,0101000020E6100000C24F1C40BF975CC03354C554FA394F40
5902621,1563,25827587,Private room,Canada,Yellowknife,,Yellowknife,33,5,2,1,,77,,10:04.9,62.448306,-114.413256,0101000020E61000000D384BC9729A5CC0E04C4C1762394F40
14790717,1563,14828046,Private room,Canada,Yellowknife,,Yellowknife,25,5,2,1,,81,,10:04.9,62.457927,-114.361619,0101000020E61000002FA704C424975CC04A7A185A9D3A4F40
15454014,1563,99109865,Private room,Canada,Yellowknife,,Yellowknife,15,5,2,1,,65,,10:04.9,62.452008,-114.36612,0101000020E6100000569A94826E975CC0E3C3EC65DB394F40
16546628,1563,26388248,Private room,Canada,Yellowknife,,Yellowknife,14,5,2,1,,65,,10:04.9,62.447859,-114.367343,0101000020E610000088DA368C82975CC0111C977153394F40
18325408,1563,122736033,Private room,Canada,Yellowknife,,Yellowknife,3,5,1,1,,69,,10:04.9,62.449104,-114.373541,0101000020E6100000C5AD8218E8975CC05B40683D7C394F40
16546289,1563,108907052,Private room,Canada,Yellowknife,,Yellowknife,19,5,2,1,,69,,10:04.9,62.464034,-114.368169,0101000020E6100000AA99B51490975CC0B41D5377653B4F40
4803490,1563,21495533,Private room,Canada,Yellowknife,,Yellowknife,16,4.5,2,1,,48,,10:03.1,62.440045,-114.407787,0101000020E6100000F92EA52E199A5CC058E2016553384F40
17348010,1563,47908773,Private room,Canada,Yellowknife,,Yellowknife,1,0,2,1,,50,,10:03.1,62.447351,-114.366986,0101000020E6100000C005D9B27C975CC09C6A2DCC42394F40
18545868,1563,63509379,Private room,Canada,Yellowknife,,Yellowknife,0,0,2,1,,61,,10:03.1,62.453745,-114.372242,0101000020E6100000A60C1CD0D2975CC09CDCEF50143A4F40
16245448,1563,106211065,Private room,Canada,Yellowknife,,Yellowknife,3,5,1,1,,47,,10:01.6,62.438808,-114.426439,0101000020E61000004BAFCDC64A9B5CC0919C4CDC2A384F40
19914174,1563,32270085,Private room,Canada,Yellowknife,,Yellowknife,0,0,2,1,,61,,10:01.6,62.447943,-114.385248,0101000020E61000005D363AE7A7985CC06FBC3B3256394F40
16040011,1563,26286417,Private room,Canada,Yellowknife,,Yellowknife,15,5,2,1,,60,,10:01.6,62.449677,-114.387743,0101000020E6100000301004C8D0985CC0B76114048F394F40
17513435,1563,11485740,Private room,Canada,Yellowknife,,Yellowknife,0,0,2,1,,61,,10:01.6,62.440236,-114.360202,0101000020E61000000B7DB08C0D975CC0CC423BA759384F40
18584733,1563,226001,Private room,Canada,Yellowknife,,Yellowknife,0,0,2,1,,48,,10:01.6,62.437338,-114.407251,0101000020E6100000DA907F66109A5CC026A60BB1FA374F40
18734341,1563,122736033,Private room,Canada,Yellowknife,,Yellowknife,1,0,1,1,,61,,10:01.6,62.449427,-114.375278,0101000020E6100000213A048E04985CC03E78EDD286394F40
7064308,1563,37040502,Private room,Canada,Yellowknife,,Yellowknife,29,5,2,1,,44,,10:01.6,62.434496,-114.417293,0101000020E610000062F6B2EDB49A5CC0151F9F909D374F40
10090993,1563,29952958,Private room,Canada,Yellowknife,,Yellowknife,21,5,2,1,,61,,10:01.6,62.459155,-114.364413,0101000020E61000002F4FE78A52975CC0BF654E97C53A4F40
15454676,1563,99109865,Private room,Canada,Yellowknife,,Yellowknife,35,5,2,1,,48,,10:01.6,62.454172,-114.365948,0101000020E6100000580229B16B975CC02461DF4E223A4F40
17829045,1563,121920058,Private room,Canada,Yellowknife,,Yellowknife,3,5,2,1,,60,,10:01.6,62.44757,-114.36271,0101000020E6100000A9FB00A436975CC0DA5548F949394F40
13172757,1563,15878363,Private room,Canada,Yellowknife,,Yellowknife,10,5,2,1,,57,,10:01.6,62.449234,-114.368954,0101000020E61000009EEE3CF19C975CC02920ED7F80394F40
19659623,1563,40077725,Private room,Canada,Yellowknife,,Yellowknife,1,0,2,1,,53,,10:01.6,62.448851,-114.38578,0101000020E6100000DBDC989EB0985CC071E316F373394F40
16419813,1563,11485740,Private room,Canada,Yellowknife,,Yellowknife,25,5,2,1,,44,,10:01.6,62.44007,-114.359673,0101000020E61000004510E7E104975CC0B1F9B83654384F40
17909498,1563,122736033,Private room,Canada,Yellowknife,,Yellowknife,1,0,1,1,,59,,10:01.6,62.447455,-114.373419,0101000020E61000001F2DCE18E6975CC041B7973446394F40
15454407,1563,99109865,Private room,Canada,Yellowknife,,Yellowknife,27,5,2,1,,57,,10:01.6,62.453754,-114.364865,0101000020E61000001F9DBAF259975CC0F0366F9C143A4F40
10922520,1563,54337862,Private room,Canada,Yellowknife,,Yellowknife,56,5,2,1,,48,,10:01.6,62.435552,-114.413047,0101000020E6100000802DAF5C6F9A5CC08CDAFD2AC0374F40
15899732,1563,102931482,Private room,Canada,Yellowknife,,Yellowknife,40,5,2,1,,47,,10:01.6,62.449632,-114.368065,0101000020E6100000587380608E975CC0179E978A8D394F40
14882665,1563,93320156,Private room,Canada,Yellowknife,,Yellowknife,36,5,2,1,,57,,10:01.6,62.446441,-114.420906,0101000020E61000002C2CB81FF09A5CC0F94B8BFA24394F40
18585419,1563,226001,Private room,Canada,Yellowknife,,Yellowknife,1,0,3,1,,33,,09:59.6,62.43733,-114.407124,0101000020E6100000AB5AD2510E9A5CC0A4C7EF6DFA374F40
11417659,1563,54337862,Private room,Canada,Yellowknife,,Yellowknife,43,5,2,1,,40,,09:59.6,62.435914,-114.412332,0101000020E610000009C6C1A5639A5CC02CEFAA07CC374F40
16827309,1563,102931482,Private room,Canada,Yellowknife,,Yellowknife,19,5,1,1,,40,,09:58.9,62.449031,-114.366996,0101000020E6100000D270CADC7C975CC0F1F109D979394F40